taxon	p	effect_size_r	log2FC	padj
k__Bacteria|p__Firmicutes|c__Clostridia|o__Clostridiales|f__Ruminococcaceae|g__Ruthenibacterium	5.615550430493468e-10	-0.2847	1.2669	2.0721381088520898e-07
k__Bacteria|p__Firmicutes|c__Clostridia|o__Clostridiales|f__Ruminococcaceae|g__Ruthenibacterium|s__Ruthenibacterium_lactatiformans	5.615550430493468e-10	-0.2847	1.2669	2.0721381088520898e-07
k__Bacteria|p__Actinobacteria|c__Actinobacteria|o__Actinomycetales|f__Actinomycetaceae|g__Actinomyces|s__Actinomyces_oris	4.3592060205535907e-10	-0.2652	1.7006	2.0721381088520898e-07
k__Bacteria|p__Firmicutes|c__Clostridia|o__Clostridiales|f__Lachnospiraceae	1.113994847694879e-09	0.2797	-0.3844	3.0829807409955774e-07
k__Bacteria|p__Firmicutes|c__Clostridia|o__Clostridiales|f__Lachnospiraceae|g__Roseburia	2.2940096581965884e-09	0.2742	-0.6324	5.078937383247247e-07
k__Bacteria|p__Actinobacteria	9.79431547342835e-09	-0.2633	0.8627	1.5489010327264547e-06
k__Bacteria|p__Firmicutes|c__Bacilli|o__Lactobacillales|f__Streptococcaceae|g__Streptococcus|s__Streptococcus_mutans	9.321499669207456e-09	-0.2099	0.3873	1.5489010327264547e-06
k__Bacteria|p__Actinobacteria|c__Actinobacteria|o__Bifidobacteriales|f__Bifidobacteriaceae|g__Bifidobacterium|s__Bifidobacterium_dentium	2.2971903980384958e-08	-0.2157	1.5432	3.1787372132857685e-06
k__Bacteria|p__Firmicutes|c__Clostridia|o__Clostridiales|f__Lachnospiraceae|g__Blautia|s__Blautia_wexlerae	2.654393971550109e-08	0.2552	-0.8362	3.2649045850066334e-06
k__Bacteria|p__Firmicutes|c__Clostridia|o__Clostridiales|f__Ruminococcaceae|g__Ruminococcaceae_unclassified|s__Clostridium_leptum	1.1721723056680452e-07	-0.2427	0.6457	1.2975947423745261e-05
k__Bacteria|p__Firmicutes|c__Bacilli|o__Lactobacillales|f__Lactobacillaceae	1.5449488456422332e-07	-0.228	1.9248	1.55478033829632e-05
k__Bacteria|p__Firmicutes|c__Bacilli|o__Lactobacillales|f__Lactobacillaceae|g__Lactobacillus	2.0737048564262748e-07	-0.225	1.8111	1.9129927300532384e-05
k__Bacteria|p__Firmicutes|c__Clostridia	3.6409005403347915e-07	0.2335	-0.2649	2.8789120701075814e-05
k__Bacteria|p__Firmicutes|c__Clostridia|o__Clostridiales	3.6409005403347915e-07	0.2335	-0.2649	2.8789120701075814e-05
k__Bacteria|p__Firmicutes|c__Bacilli|o__Lactobacillales|f__Enterococcaceae|g__Enterococcus|s__Enterococcus_avium	6.452858154398641e-07	-0.1041	7.404	4.762209317946197e-05
k__Bacteria|p__Firmicutes|c__Clostridia|o__Clostridiales|f__Lachnospiraceae|g__Roseburia|s__Roseburia_intestinalis	1.0633028746436359e-06	0.2188	-1.0654	7.356726763940656e-05
k__Bacteria|p__Firmicutes|c__Clostridia|o__Clostridiales|f__Ruminococcaceae|g__Ruminococcaceae_unclassified|s__Ruminococcaceae_bacterium_D5	1.5479855157564001e-06	-0.1735	1.6307	0.00010080117446719617
k__Bacteria|p__Firmicutes|c__Clostridia|o__Clostridiales|f__Lachnospiraceae|g__Blautia	1.6606750999239101e-06	0.22	-0.4354	0.00010213151864532046
k__Bacteria|p__Firmicutes|c__Clostridia|o__Clostridiales|f__Clostridiaceae|g__Clostridium	3.0806244489081866e-06	0.2139	-0.4317	0.00017948690868112435
k__Bacteria|p__Firmicutes|c__Bacilli|o__Lactobacillales|f__Enterococcaceae|g__Enterococcus	3.6182941432577117e-06	-0.1486	1.4707	0.00019073579126601366
k__Bacteria|p__Firmicutes|c__Bacilli|o__Lactobacillales|f__Enterococcaceae	3.6182941432577117e-06	-0.1486	1.4744	0.00019073579126601366
k__Bacteria|p__Bacteroidetes|c__Bacteroidia|o__Bacteroidales|f__Porphyromonadaceae	5.518277888696421e-06	-0.1213	3.191	0.000277669710126679
k__Bacteria|p__Firmicutes|c__Erysipelotrichia|o__Erysipelotrichales|f__Erysipelotrichaceae|g__Coprobacillus	1.3311908750778997e-05	-0.1168	3.8591	0.0005457882587819389
k__Bacteria|p__Firmicutes|c__Erysipelotrichia|o__Erysipelotrichales|f__Erysipelotrichaceae|g__Coprobacillus|s__Coprobacillus_cateniformis	1.3311908750778997e-05	-0.1168	3.8591	0.0005457882587819389
k__Bacteria|p__Firmicutes|c__Bacilli|o__Lactobacillales|f__Streptococcaceae|g__Streptococcus|s__Streptococcus_australis	1.28964045867797e-05	0.1125	-1.4886	0.0005457882587819389
k__Bacteria|p__Firmicutes|c__Clostridia|o__Clostridiales|f__Lachnospiraceae|g__Fusicatenibacter|s__Fusicatenibacter_saccharivorans	1.1903249938245845e-05	0.1995	-0.5665	0.0005457882587819389
k__Bacteria|p__Firmicutes|c__Clostridia|o__Clostridiales|f__Lachnospiraceae|g__Fusicatenibacter	1.1903249938245845e-05	0.1995	-0.5665	0.0005457882587819389
k__Bacteria|p__Firmicutes|c__Clostridia|o__Clostridiales|f__Clostridiaceae	1.5992582750956583e-05	0.1981	-0.3547	0.000632278182332462
k__Bacteria|p__Actinobacteria|c__Actinobacteria	1.7197883498823212e-05	-0.1973	1.1525	0.0006564847252826653
k__Bacteria|p__Firmicutes|c__Erysipelotrichia|o__Erysipelotrichales|f__Erysipelotrichaceae	2.3238899875852782e-05	-0.1943	0.6531	0.0008039206925802823
k__Bacteria|p__Firmicutes|c__Erysipelotrichia	2.3238899875852782e-05	-0.1943	0.6531	0.0008039206925802823
k__Bacteria|p__Firmicutes|c__Erysipelotrichia|o__Erysipelotrichales	2.3238899875852782e-05	-0.1943	0.6531	0.0008039206925802823
k__Bacteria|p__Firmicutes|c__Clostridia|o__Clostridiales|f__Lachnospiraceae|g__Anaerostipes	2.7519829372517057e-05	0.1921	-0.3851	0.0009231651853144359
k__Bacteria|p__Actinobacteria|c__Actinobacteria|o__Bifidobacteriales|f__Bifidobacteriaceae	3.6047947578088195e-05	-0.1896	1.1504	0.0011401450848269607
k__Bacteria|p__Actinobacteria|c__Actinobacteria|o__Bifidobacteriales	3.6047947578088195e-05	-0.1896	1.1504	0.0011401450848269607
k__Bacteria|p__Firmicutes|c__Clostridia|o__Clostridiales|f__Lachnospiraceae|g__Eisenbergiella|s__Eisenbergiella_tayi	4.079876144680823e-05	-0.1766	2.3358	0.0012545619144893531
k__Bacteria|p__Firmicutes|c__Clostridia|o__Clostridiales|f__Ruminococcaceae|g__Faecalibacterium	4.4728241147484755e-05	0.1873	-0.4201	0.001303004288164885
k__Bacteria|p__Firmicutes|c__Clostridia|o__Clostridiales|f__Ruminococcaceae|g__Faecalibacterium|s__Faecalibacterium_prausnitzii	4.4728241147484755e-05	0.1873	-0.4201	0.001303004288164885
k__Bacteria|p__Actinobacteria|c__Actinobacteria|o__Bifidobacteriales|f__Bifidobacteriaceae|g__Bifidobacterium	4.7994697809254534e-05	-0.1866	1.1489	0.0013623110378165326
k__Bacteria|p__Firmicutes|c__Clostridia|o__Clostridiales|f__Ruminococcaceae|g__Ruminococcus|s__Ruminococcus_lactaris	5.5298911063235194e-05	0.1466	-0.7776	0.001530397363675034
k__Bacteria|p__Firmicutes|c__Negativicutes|o__Veillonellales|f__Veillonellaceae|g__Megasphaera	5.7600123871916506e-05	-0.1277	1.1265	0.0015552033445417458
k__Bacteria|p__Actinobacteria|c__Actinobacteria|o__Actinomycetales|f__Actinomycetaceae|g__Actinomyces|s__Actinomyces_sp_oral_taxon_448	0.00010013780231071727	-0.086	1.4764	0.0026393463609039056
k__Bacteria|p__Firmicutes|c__Clostridia|o__Clostridiales|f__Lachnospiraceae|g__Eisenbergiella	0.00010364200539966546	-0.1768	0.766	0.0026681790692425506
k__Bacteria|p__Firmicutes|c__Erysipelotrichia|o__Erysipelotrichales|f__Erysipelotrichaceae|g__Turicibacter	0.0001176401179431859	-0.1179	2.8318	0.002831035012241452
k__Bacteria|p__Actinobacteria|c__Actinobacteria|o__Bifidobacteriales|f__Bifidobacteriaceae|g__Scardovia|s__Scardovia_wiggsiae	0.00011709788914425607	-0.0812	5.3671	0.002831035012241452
k__Bacteria|p__Firmicutes|c__Erysipelotrichia|o__Erysipelotrichales|f__Erysipelotrichaceae|g__Turicibacter|s__Turicibacter_sanguinis	0.0001176401179431859	-0.1179	2.8318	0.002831035012241452
k__Bacteria|p__Actinobacteria|c__Actinobacteria|o__Bifidobacteriales|f__Bifidobacteriaceae|g__Scardovia	0.00012653816387653716	-0.0808	3.4389	0.0029803776044963117
k__Bacteria|p__Bacteroidetes|c__Bacteroidia|o__Bacteroidales|f__Porphyromonadaceae|g__Porphyromonas	0.00014839381111679672	-0.0927	3.1409	0.0034223322688811245
k__Bacteria|p__Firmicutes|c__Clostridia|o__Clostridiales|f__Lachnospiraceae|g__Anaerostipes|s__Anaerostipes_hadrus	0.00015914359996036103	0.1715	-0.3956	0.0035953462276759112
k__Bacteria|p__Actinobacteria|c__Coriobacteriia|o__Coriobacteriales|f__Coriobacteriaceae|g__Enorma|s__Collinsella_massiliensis	0.00017180567109746536	-0.1609	3.6063	0.003767378744968563
k__Bacteria|p__Actinobacteria|c__Actinobacteria|o__Actinomycetales|f__Actinomycetaceae|g__Actinomyces|s__Actinomyces_sp_HPA0247	0.000173564874429446	-0.1243	0.82	0.003767378744968563
k__Bacteria|p__Actinobacteria|c__Coriobacteriia|o__Coriobacteriales|f__Coriobacteriaceae|g__Enorma	0.00022556225334740496	-0.1585	1.0015	0.004801873354914948
k__Bacteria|p__Firmicutes|c__Bacilli|o__Lactobacillales|f__Lactobacillaceae|g__Lactobacillus|s__Lactobacillus_paragasseri	0.0002436039460886349	-0.0787	1.6953	0.005088105062643751
k__Bacteria|p__Firmicutes|c__Bacilli|o__Lactobacillales|f__Lactobacillaceae|g__Lactobacillus|s__Lactobacillus_salivarius	0.00028419583380498296	-0.0927	5.1569	0.00582601459300215
k__Bacteria|p__Firmicutes|c__Negativicutes|o__Veillonellales|f__Veillonellaceae|g__Megasphaera|s__Megasphaera_sp_MJR8396C	0.00032478810111257026	-0.0986	0.9948	0.006537098689665732
k__Bacteria|p__Actinobacteria|c__Actinobacteria|o__Actinomycetales	0.0003557353844209528	-0.1633	0.8977	0.006908755623754293
k__Bacteria|p__Actinobacteria|c__Actinobacteria|o__Actinomycetales|f__Actinomycetaceae	0.0003557353844209528	-0.1633	0.8977	0.006908755623754293
k__Bacteria|p__Firmicutes|c__Bacilli|o__Lactobacillales|f__Lactobacillaceae|g__Lactobacillus|s__Lactobacillus_gasseri	0.00036474012996621363	-0.0758	2.7247	0.006961505584010318
k__Bacteria|p__Firmicutes|c__Bacilli|o__Lactobacillales|f__Lactobacillaceae|g__Lactobacillus|s__Lactobacillus_fermentum	0.00037604242198522193	-0.1129	1.2726	0.007055575612502384
k__Bacteria|p__Firmicutes	0.0004164121547948237	0.162	-0.1551	0.0076828042559644975
k__Bacteria|p__Firmicutes|c__Negativicutes|o__Veillonellales|f__Veillonellaceae|g__Megasphaera|s__Megasphaera_sp_DISK_18	0.0004583616590569055	-0.0763	1.709	0.00831813699304909
k__Bacteria|p__Firmicutes|c__Clostridia|o__Clostridiales|f__Clostridiaceae|g__Hungatella|s__Hungatella_hathewayi	0.0005575656291690818	-0.1482	0.8275	0.008572571548474633
k__Bacteria|p__Firmicutes|c__Bacilli|o__Lactobacillales|f__Enterococcaceae|g__Enterococcus|s__Enterococcus_gallinarum	0.0005241482409036344	-0.0592	5.8497	0.008572571548474633
k__Bacteria|p__Firmicutes|c__Clostridia|o__Clostridiales|f__Clostridiaceae|g__Hungatella	0.0005575656291690818	-0.1482	0.8275	0.008572571548474633
k__Archaea	0.0004926336882721507	-0.1372	0.9671	0.008572571548474633
k__Bacteria|p__Synergistetes|c__Synergistia|o__Synergistales	0.0005484995315720588	-0.1181	2.5956	0.008572571548474633
k__Bacteria	0.000532671365401058	0.1377	-0.0037	0.008572571548474633
k__Bacteria|p__Actinobacteria|c__Actinobacteria|o__Actinomycetales|f__Actinomycetaceae|g__Actinomyces	0.000521876376427025	-0.1586	0.7088	0.008572571548474633
k__Bacteria|p__Synergistetes|c__Synergistia|o__Synergistales|f__Synergistaceae	0.0005484995315720588	-0.1181	2.5956	0.008572571548474633
k__Bacteria|p__Synergistetes	0.0005484995315720588	-0.1181	2.5956	0.008572571548474633
k__Archaea|p__Euryarchaeota	0.0004926336882721507	-0.1372	0.9671	0.008572571548474633
k__Bacteria|p__Synergistetes|c__Synergistia	0.0005484995315720588	-0.1181	2.5956	0.008572571548474633
k__Bacteria|p__Firmicutes|c__Clostridia|o__Clostridiales|f__Lachnospiraceae|g__Lachnospiraceae_unclassified|s__Eubacterium_rectale	0.0005821220025954263	0.1575	-0.5594	0.008827521327029273
k__Bacteria|p__Proteobacteria|c__Gammaproteobacteria|o__Enterobacterales|f__Enterobacteriaceae|g__Escherichia	0.0005904661179751061	-0.1498	0.4997	0.008830743142161342
k__Bacteria|p__Firmicutes|c__Bacilli	0.0005982888307697386	-0.1576	0.6013	0.008830743142161342
k__Bacteria|p__Proteobacteria|c__Gammaproteobacteria|o__Enterobacterales|f__Enterobacteriaceae|g__Escherichia|s__Escherichia_coli	0.0006072515702557896	-0.1495	0.4906	0.008845098529909988
k__Bacteria|p__Firmicutes|c__Bacilli|o__Lactobacillales	0.000642491237830163	-0.1567	0.5981	0.009236854549064812
k__Bacteria|p__Firmicutes|c__Clostridia|o__Clostridiales|f__Lachnospiraceae|g__Lachnospiraceae_unclassified	0.0006935099378443033	0.1553	-0.5582	0.009842506425559536
k__Bacteria|p__Firmicutes|c__Clostridia|o__Clostridiales|f__Ruminococcaceae|g__Ruminococcus|s__Ruminococcus_callidus	0.0008251632956954098	0.0601	-2.1672	0.011562731244744542
k__Archaea|p__Euryarchaeota|c__Methanobacteria|o__Methanobacteriales|f__Methanobacteriaceae|g__Methanobrevibacter	0.0008522071013697863	-0.1296	0.8979	0.01164683038538708
k__Bacteria|p__Firmicutes|c__Bacilli|o__Lactobacillales|f__Enterococcaceae|g__Enterococcus|s__Enterococcus_faecium	0.0008472581186972221	-0.0805	-0.5858	0.01164683038538708
k__Archaea|p__Euryarchaeota|c__Methanobacteria|o__Methanobacteriales|f__Methanobacteriaceae|g__Methanobrevibacter|s__Methanobrevibacter_smithii	0.0009695956159493602	-0.128	0.8978	0.013089540815316363
k__Bacteria|p__Synergistetes|c__Synergistia|o__Synergistales|f__Synergistaceae|g__Cloacibacillus	0.0010047883906720162	-0.1091	2.5849	0.013401213837035204
k__Bacteria|p__Bacteroidetes|c__Bacteroidia|o__Bacteroidales|f__Porphyromonadaceae|g__Porphyromonas|s__Porphyromonas_asaccharolytica	0.0010810449431949197	-0.0712	3.8864	0.014246628001390193
k__Archaea|p__Euryarchaeota|c__Methanobacteria|o__Methanobacteriales	0.0011926698665074133	-0.1265	0.9067	0.01517569588762881
k__Archaea|p__Euryarchaeota|c__Methanobacteria|o__Methanobacteriales|f__Methanobacteriaceae	0.0011926698665074133	-0.1265	0.9067	0.01517569588762881
k__Archaea|p__Euryarchaeota|c__Methanobacteria	0.0011926698665074133	-0.1265	0.9067	0.01517569588762881
k__Bacteria|p__Firmicutes|c__Clostridia|o__Clostridiales|f__Clostridiaceae|g__Clostridium|s__Clostridium_sp_CAG_299	0.0012478438509655276	0.096	-2.0458	0.0156973084433959
k__Bacteria|p__Actinobacteria|c__Coriobacteriia	0.0012641914137187407	-0.148	0.475	0.01572426848299602
k__Bacteria|p__Bacteroidetes|c__Bacteroidia|o__Bacteroidales|f__Rikenellaceae|g__Alistipes|s__Alistipes_indistinctus	0.0012913494710385944	-0.1328	1.341	0.01588359849377471
k__Bacteria|p__Firmicutes|c__Clostridia|o__Clostridiales|f__Eubacteriaceae|g__Eubacterium|s__Eubacterium_sp_CAG_38	0.0014437291806776687	0.1314	-0.5754	0.017562727505606366
k__Bacteria|p__Firmicutes|c__Clostridia|o__Clostridiales|f__Lachnospiraceae|g__Roseburia|s__Roseburia_faecis	0.0015544098712330452	0.1412	-0.5429	0.018703605733206317
k__Bacteria|p__Actinobacteria|c__Actinobacteria|o__Bifidobacteriales|f__Bifidobacteriaceae|g__Bifidobacterium|s__Bifidobacterium_gallinarum	0.0016424504207021723	-0.0605	2.9847	0.019550458233519405
k__Bacteria|p__Firmicutes|c__Bacilli|o__Lactobacillales|f__Streptococcaceae|g__Streptococcus|s__Streptococcus_anginosus_group	0.0017604955222517804	-0.0993	1.961	0.02073264407588001
k__Bacteria|p__Actinobacteria|c__Coriobacteriia|o__Coriobacteriales|f__Atopobiaceae	0.0018550693073130953	-0.0786	1.4159	0.021616439191532597
k__Bacteria|p__Actinobacteria|c__Actinobacteria|o__Bifidobacteriales|f__Bifidobacteriaceae|g__Bifidobacterium|s__Bifidobacterium_longum	0.0019490518671772155	-0.1416	1.1063	0.022475004343387266
k__Bacteria|p__Firmicutes|c__Clostridia|o__Clostridiales|f__Ruminococcaceae|g__Ruminococcus|s__Ruminococcus_bicirculans	0.0020228410927782296	0.1188	-0.7376	0.023085413295932992
k__Bacteria|p__Proteobacteria|c__Gammaproteobacteria|o__Enterobacterales|f__Enterobacteriaceae|g__Klebsiella|s__Klebsiella_quasipneumoniae	0.002064722285852266	-0.0938	1.2901	0.02332293439222917
k__Bacteria|p__Firmicutes|c__Clostridia|o__Clostridiales|f__Ruminococcaceae|g__Agathobaculum	0.0021180355352354175	0.1359	-0.6472	0.02344665337505607
k__Bacteria|p__Firmicutes|c__Clostridia|o__Clostridiales|f__Ruminococcaceae|g__Agathobaculum|s__Agathobaculum_butyriciproducens	0.0021180355352354175	0.1359	-0.6472	0.02344665337505607
k__Bacteria|p__Firmicutes|c__Negativicutes|o__Acidaminococcales|f__Acidaminococcaceae|g__Acidaminococcus	0.002263076148500192	-0.1122	0.7218	0.02480421085534369
k__Bacteria|p__Firmicutes|c__Bacilli|o__Lactobacillales|f__Streptococcaceae|g__Streptococcus|s__Streptococcus_vestibularis	0.0023076703497192834	-0.1179	1.3519	0.025045010560188694
k__Bacteria|p__Firmicutes|c__Negativicutes|o__Veillonellales|f__Veillonellaceae|g__Veillonella|s__Veillonella_dispar	0.00237637322066231	0.0788	0.7251	0.025083605428106365
k__Bacteria|p__Actinobacteria|c__Actinobacteria|o__Bifidobacteriales|f__Bifidobacteriaceae|g__Bifidobacterium|s__Bifidobacterium_saeculare	0.0023792037668935576	-0.0546	3.4969	0.025083605428106365
k__Bacteria|p__Firmicutes|c__Bacilli|o__Lactobacillales|f__Lactobacillaceae|g__Lactobacillus|s__Lactobacillus_rhamnosus	0.0023691389133791985	-0.0945	2.4049	0.025083605428106365
k__Bacteria|p__Actinobacteria|c__Actinobacteria|o__Corynebacteriales	0.002430656997520236	-0.06	4.6921	0.025384314115612275
k__Bacteria|p__Actinobacteria|c__Coriobacteriia|o__Coriobacteriales|f__Coriobacteriaceae|g__Enorma|s__Enorma_massiliensis	0.002475861594341061	-0.1023	0.5021	0.025614754999397703
k__Bacteria|p__Proteobacteria|c__Gammaproteobacteria|o__Enterobacterales|f__Enterobacteriaceae	0.002505968194861238	-0.1359	0.3521	0.02568617399732769
k__Bacteria|p__Proteobacteria|c__Gammaproteobacteria|o__Enterobacterales	0.0025399604455131957	-0.1357	0.3558	0.025795745075074383
k__Bacteria|p__Firmicutes|c__Erysipelotrichia|o__Erysipelotrichales|f__Erysipelotrichaceae|g__Erysipelatoclostridium	0.0025776447386771984	-0.1377	0.4419	0.025940479324687803
k__Bacteria|p__Firmicutes|c__Clostridia|o__Clostridiales|f__Lachnospiraceae|g__Roseburia|s__Roseburia_inulinivorans	0.002667007462667362	0.1328	-0.5207	0.026597993343898826
k__Bacteria|p__Firmicutes|c__Clostridia|o__Clostridiales|f__Clostridiaceae|g__Clostridium|s__Clostridium_sp_CAG_58	0.002722684855545302	0.1343	-0.5163	0.026648051303730793
k__Bacteria|p__Firmicutes|c__Clostridia|o__Clostridiales|f__Eubacteriaceae|g__Eubacterium|s__Eubacterium_sp_OM08_24	0.0027117159441144303	0.0436	-2.6457	0.026648051303730793
k__Bacteria|p__Firmicutes|c__Clostridia|o__Clostridiales|f__Lachnospiraceae|g__Lachnoclostridium|s__Lachnoclostridium_sp_An131	0.0027442437656958543	-0.0788	2.2272	0.026648051303730793
k__Bacteria|p__Firmicutes|c__Negativicutes|o__Acidaminococcales|f__Acidaminococcaceae|g__Acidaminococcus|s__Acidaminococcus_intestini	0.0029219187580932005	-0.1091	0.6944	0.028126644045297154
k__Bacteria|p__Firmicutes|c__Clostridia|o__Clostridiales|f__Lachnospiraceae|g__Blautia|s__Blautia_hansenii	0.002970711862742516	0.0932	-0.7905	0.02834981062117211
k__Bacteria|p__Firmicutes|c__Bacilli|o__Lactobacillales|f__Enterococcaceae|g__Enterococcus|s__Enterococcus_asini	0.0030174781312500665	-0.0367	27.3201	0.028549985395673706
k__Bacteria|p__Synergistetes|c__Synergistia|o__Synergistales|f__Synergistaceae|g__Cloacibacillus|s__Cloacibacillus_evryensis	0.003114490791596339	-0.0911	2.7482	0.028972616019303756
k__Bacteria|p__Proteobacteria|c__Gammaproteobacteria	0.003105662987094001	-0.1338	0.315	0.028972616019303756
k__Bacteria|p__Bacteroidetes	0.003332997337873943	0.1348	-0.1292	0.03024285289365947
k__Bacteria|p__Bacteroidetes|c__Bacteroidia	0.003316708207068104	0.1348	-0.1293	0.03024285289365947
k__Bacteria|p__Bacteroidetes|c__Bacteroidia|o__Bacteroidales	0.003316708207068104	0.1348	-0.1293	0.03024285289365947
k__Bacteria|p__Bacteroidetes|c__Bacteroidia|o__Bacteroidales|f__Prevotellaceae|g__Prevotella|s__Prevotella_copri	0.0036772339934342015	0.1145	-1.4413	0.03309510594090782
k__Bacteria|p__Firmicutes|c__Tissierellia	0.003803598881277551	-0.0444	5.5264	0.03341733302836706
k__Bacteria|p__Firmicutes|c__Tissierellia|o__Tissierellales	0.003803598881277551	-0.0444	5.5101	0.03341733302836706
k__Bacteria|p__Firmicutes|c__Tissierellia|o__Tissierellales|f__Peptoniphilaceae	0.003803598881277551	-0.0444	5.5101	0.03341733302836706
k__Bacteria|p__Firmicutes|c__Erysipelotrichia|o__Erysipelotrichales|f__Erysipelotrichaceae|g__Erysipelatoclostridium|s__Clostridium_innocuum	0.003987524168121996	-0.131	0.4831	0.03475739570166181
k__Bacteria|p__Actinobacteria|c__Coriobacteriia|o__Coriobacteriales	0.0041713651045356655	-0.1314	0.563	0.03607579039625767
k__Bacteria|p__Actinobacteria|c__Actinobacteria|o__Actinomycetales|f__Actinomycetaceae|g__Actinomyces|s__Actinomyces_naeslundii	0.004341784214987016	-0.0772	1.415	0.03725856686814439
k__Bacteria|p__Firmicutes|c__Bacilli|o__Lactobacillales|f__Lactobacillaceae|g__Lactobacillus|s__Lactobacillus_oris	0.004435834726678557	-0.0465	0.4432	0.037772838787947405
k__Bacteria|p__Actinobacteria|c__Coriobacteriia|o__Coriobacteriales|f__Atopobiaceae|g__Atopobium	0.0046588027592164485	-0.0592	2.6677	0.039368661484371056
k__Bacteria|p__Firmicutes|c__Bacilli|o__Lactobacillales|f__Streptococcaceae|g__Streptococcus|s__Streptococcus_lutetiensis	0.004954432884224784	-0.0517	0.7551	0.040787211493285645
k__Bacteria|p__Bacteroidetes|c__Bacteroidia|o__Bacteroidales|f__Bacteroidaceae|g__Bacteroides|s__Bacteroides_faecis_CAG_32	0.004944611945697318	-0.0761	0.4069	0.040787211493285645
k__Bacteria|p__Firmicutes|c__Clostridia|o__Clostridiales|f__Eubacteriaceae|g__Eubacterium|s__Eubacterium_callanderi	0.0049693917604561755	-0.077	1.1982	0.040787211493285645
k__Bacteria|p__Firmicutes|c__Clostridia|o__Clostridiales|f__Clostridiaceae|g__Clostridium|s__Clostridium_sp_D5	0.004974050182108006	-0.0486	2.5414	0.040787211493285645
k__Bacteria|p__Proteobacteria|c__Gammaproteobacteria|o__Enterobacterales|f__Enterobacteriaceae|g__Klebsiella	0.005041786891145632	-0.105	0.359	0.04103866241542805
k__Bacteria|p__Firmicutes|c__Clostridia|o__Clostridiales|f__Eubacteriaceae|g__Eubacterium	0.005119043879187025	0.1285	-0.0774	0.041363369155182746
k__Bacteria|p__Firmicutes|c__Clostridia|o__Clostridiales|f__Eubacteriaceae	0.005420727643518336	0.1277	-0.0771	0.04348366305344056
k__Bacteria|p__Actinobacteria|c__Actinobacteria|o__Bifidobacteriales|f__Bifidobacteriaceae|g__Bifidobacterium|s__Bifidobacterium_pullorum	0.0054974350552727536	-0.0628	2.9713	0.043781730979762144
k__Bacteria|p__Proteobacteria|c__Gammaproteobacteria|o__Enterobacterales|f__Enterobacteriaceae|g__Klebsiella|s__Klebsiella_pneumoniae	0.0055671572898027405	-0.0985	0.1116	0.04402030799865452
k__Bacteria|p__Actinobacteria|c__Coriobacteriia|o__Coriobacteriales|f__Coriobacteriaceae	0.006066328415584021	-0.1259	0.5614	0.047627131603202214
k__Bacteria|p__Firmicutes|c__Clostridia|o__Clostridiales|f__Peptococcaceae|g__Peptococcus	0.0063688770905742115	-0.0364	1.6648	0.0482900475292168
k__Bacteria|p__Actinobacteria|c__Actinobacteria|o__Corynebacteriales|f__Corynebacteriaceae|g__Corynebacterium	0.00626023778672447	-0.052	4.684	0.0482900475292168
k__Bacteria|p__Actinobacteria|c__Actinobacteria|o__Corynebacteriales|f__Corynebacteriaceae	0.00626023778672447	-0.052	4.684	0.0482900475292168
k__Bacteria|p__Firmicutes|c__Clostridia|o__Clostridiales|f__Peptococcaceae	0.0063688770905742115	-0.0364	1.6648	0.0482900475292168
k__Bacteria|p__Firmicutes|c__Clostridia|o__Clostridiales|f__Peptococcaceae|g__Peptococcus|s__Peptococcus_niger	0.0063688770905742115	-0.0364	1.6648	0.0482900475292168
k__Bacteria|p__Firmicutes|c__Clostridia|o__Clostridiales|f__Lachnospiraceae|g__Lachnoclostridium|s__Clostridium_hylemonae	0.006776892329843036	-0.0486	3.5023	0.05103414836147103
k__Bacteria|p__Firmicutes|c__Bacilli|o__Lactobacillales|f__Lactobacillaceae|g__Pediococcus|s__Pediococcus_acidilactici	0.00692952526798795	-0.0428	7.9494	0.051483117259480946
k__Bacteria|p__Firmicutes|c__Bacilli|o__Lactobacillales|f__Enterococcaceae|g__Enterococcus|s__Enterococcus_dispar	0.0068974239767558955	-0.0306	27.6153	0.051483117259480946
k__Archaea|p__Euryarchaeota|c__Thermoplasmata	0.0075241740205036645	-0.0564	1.7696	0.0551606664946858
k__Archaea|p__Euryarchaeota|c__Thermoplasmata|o__Methanomassiliicoccales	0.0075241740205036645	-0.0564	1.7696	0.0551606664946858
k__Bacteria|p__Firmicutes|c__Clostridia|o__Clostridiales|f__Clostridiaceae|g__Clostridium|s__Clostridium_disporicum	0.007584074581672818	-0.0682	0.3886	0.05523401685468296
k__Bacteria|p__Firmicutes|c__Bacilli|o__Lactobacillales|f__Lactobacillaceae|g__Pediococcus	0.007691642011222335	-0.0449	7.9012	0.05565129219884395
k__Bacteria|p__Actinobacteria|c__Actinobacteria|o__Actinomycetales|f__Actinomycetaceae|g__Actinomyces|s__Actinomyces_sp_ICM47	0.008076368339431966	0.0984	-0.5979	0.05805545293344926
k__Bacteria|p__Firmicutes|c__Negativicutes|o__Veillonellales|f__Veillonellaceae|g__Dialister|s__Dialister_invisus	0.008319902395163349	0.0927	-0.6431	0.059420206138360174
k__Bacteria|p__Actinobacteria|c__Actinobacteria|o__Actinomycetales|f__Actinomycetaceae|g__Actinomyces|s__Actinomyces_viscosus	0.008662304264512805	-0.0381	2.1516	0.06146904372317741
k__Archaea|p__Euryarchaeota|c__Thermoplasmata|o__Methanomassiliicoccales|f__Methanomassiliicoccaceae|g__Methanomassiliicoccus|s__Candidatus_Methanomassiliicoccus_intestinalis	0.009347046276400131	-0.0544	1.7643	0.06324231822762232
k__Bacteria|p__Actinobacteria|c__Actinobacteria|o__Corynebacteriales|f__Corynebacteriaceae|g__Corynebacterium|s__Corynebacterium_amycolatum	0.009099908485367987	-0.0286	24.7067	0.06324231822762232
k__Bacteria|p__Actinobacteria|c__Actinobacteria|o__Bifidobacteriales|f__Bifidobacteriaceae|g__Bifidobacterium|s__Bifidobacterium_bifidum	0.009483491260872	-0.095	1.592	0.06324231822762232
k__Bacteria|p__Firmicutes|c__Tissierellia|o__Tissierellales|f__Peptoniphilaceae|g__Finegoldia	0.009099908485367987	-0.0286	25.5514	0.06324231822762232
k__Bacteria|p__Firmicutes|c__Clostridia|o__Clostridiales|f__Ruminococcaceae|g__Harryflintia	0.009472947696398431	-0.0922	0.6141	0.06324231822762232
k__Archaea|p__Euryarchaeota|c__Thermoplasmata|o__Methanomassiliicoccales|f__Methanomassiliicoccaceae	0.009347046276400131	-0.0544	1.7643	0.06324231822762232
k__Bacteria|p__Firmicutes|c__Clostridia|o__Clostridiales|f__Ruminococcaceae|g__Harryflintia|s__Harryflintia_acetispora	0.009472947696398431	-0.0922	0.6141	0.06324231822762232
k__Archaea|p__Euryarchaeota|c__Thermoplasmata|o__Methanomassiliicoccales|f__Methanomassiliicoccaceae|g__Methanomassiliicoccus	0.009347046276400131	-0.0544	1.7643	0.06324231822762232
k__Bacteria|p__Firmicutes|c__Tissierellia|o__Tissierellales|f__Peptoniphilaceae|g__Finegoldia|s__Finegoldia_magna	0.009099908485367987	-0.0286	25.5514	0.06324231822762232
k__Bacteria|p__Bacteroidetes|c__Bacteroidia|o__Bacteroidales|f__Rikenellaceae|g__Alistipes|s__Alistipes_finegoldii	0.009257058231761423	-0.119	0.5425	0.06324231822762232
k__Bacteria|p__Firmicutes|c__Clostridia|o__Clostridiales|f__Eubacteriaceae|g__Eubacterium|s__Eubacterium_limosum	0.009601551224230035	-0.0725	2.0113	0.06364621080971646
k__Bacteria|p__Firmicutes|c__Bacilli|o__Lactobacillales|f__Lactobacillaceae|g__Lactobacillus|s__Lactobacillus_reuteri	0.009837495698221285	-0.0521	2.1434	0.06482206986863669
k__Bacteria|p__Firmicutes|c__Negativicutes|o__Acidaminococcales	0.010043015275899249	-0.117	0.5422	0.06514231857952776
k__Bacteria|p__Firmicutes|c__Negativicutes|o__Acidaminococcales|f__Acidaminococcaceae	0.010043015275899249	-0.117	0.5422	0.06514231857952776
k__Bacteria|p__Firmicutes|c__Bacilli|o__Lactobacillales|f__Streptococcaceae|g__Streptococcus|s__Streptococcus_mitis	0.010062634577325428	0.0752	-0.8284	0.06514231857952776
k__Bacteria|p__Actinobacteria|c__Coriobacteriia|o__Coriobacteriales|f__Atopobiaceae|g__Atopobium|s__Atopobium_rimae	0.010291363563251915	-0.0365	7.8178	0.06623569456116203
k__Bacteria|p__Actinobacteria|c__Actinobacteria|o__Micrococcales|f__Micrococcaceae|g__Rothia|s__Rothia_mucilaginosa	0.010402660698187792	0.0986	-0.7258	0.06656500227106292
k__Bacteria|p__Firmicutes|c__Negativicutes|o__Veillonellales|f__Veillonellaceae|g__Veillonella|s__Veillonella_tobetsuensis	0.012136096760233873	0.0128	-18.9597	0.07721068456079827
k__Bacteria|p__Actinobacteria|c__Coriobacteriia|o__Coriobacteriales|f__Coriobacteriaceae|g__Collinsella	0.013770204972517882	-0.113	0.5541	0.08710638231187025
k__Bacteria|p__Actinobacteria|c__Actinobacteria|o__Bifidobacteriales|f__Bifidobacteriaceae|g__Bifidobacterium|s__Bifidobacterium_pseudolongum	0.01392578726972665	-0.0343	4.7722	0.08759003697492841
k__Bacteria|p__Firmicutes|c__Bacilli|o__Lactobacillales|f__Streptococcaceae|g__Streptococcus|s__Streptococcus_sp_A12	0.015240850309295343	0.0525	-1.2087	0.09531989430728782
k__Bacteria|p__Proteobacteria|c__Gammaproteobacteria|o__Enterobacterales|f__Enterobacteriaceae|g__Klebsiella|s__Klebsiella_variicola	0.015508172934250589	-0.0805	0.675	0.09634643114489483
k__Bacteria|p__Firmicutes|c__Clostridia|o__Clostridiales|f__Clostridiaceae|g__Butyricicoccus|s__Butyricicoccus_pullicaecorum	0.01566608636502355	0.0455	-1.3355	0.09634643114489483
k__Bacteria|p__Firmicutes|c__Clostridia|o__Clostridiales|f__Eubacteriaceae|g__Eubacterium|s__Eubacterium_ramulus	0.015609256197509127	0.0945	-0.6908	0.09634643114489483
k__Bacteria|p__Firmicutes|c__Bacilli|o__Lactobacillales|f__Lactobacillaceae|g__Lactobacillus|s__Lactobacillus_curvatus	0.015894884473191602	-0.0245	22.0226	0.09721346470620498
k__Bacteria|p__Bacteroidetes|c__Bacteroidia|o__Bacteroidales|f__Tannerellaceae|g__Parabacteroides|s__Parabacteroides_distasonis	0.016223161757506443	-0.1102	0.1865	0.09813683095934225
k__Bacteria|p__Actinobacteria|c__Coriobacteriia|o__Coriobacteriales|f__Atopobiaceae|g__Olsenella	0.016136791974745008	-0.0457	0.3663	0.09813683095934225
k__Bacteria|p__Proteobacteria	0.016592320923368365	-0.11	0.2851	0.09982445251178686
k__Bacteria|p__Actinobacteria|c__Coriobacteriia|o__Coriobacteriales|f__Coriobacteriaceae|g__Collinsella|s__Collinsella_stercoris	0.016695557723726894	-0.1078	1.0444	0.09990260756846309
k__Bacteria|p__Firmicutes|c__Clostridia|o__Clostridiales|f__Ruminococcaceae|g__Pseudoflavonifractor|s__Pseudoflavonifractor_sp_An184	0.017085235071909344	-0.0621	0.3711	0.10168470550862174
k__Bacteria|p__Actinobacteria|c__Actinobacteria|o__Bifidobacteriales|f__Bifidobacteriaceae|g__Parascardovia|s__Parascardovia_denticolens	0.01738210382943959	-0.0325	5.7535	0.1023510049956895
k__Bacteria|p__Actinobacteria|c__Actinobacteria|o__Bifidobacteriales|f__Bifidobacteriaceae|g__Parascardovia	0.01738210382943959	-0.0325	5.7535	0.1023510049956895
k__Bacteria|p__Bacteroidetes|c__Bacteroidia|o__Bacteroidales|f__Porphyromonadaceae|g__Sanguibacteroides	0.018330128171545	-0.0284	4.0272	0.10623796798900688
k__Bacteria|p__Bacteroidetes|c__Bacteroidia|o__Bacteroidales|f__Porphyromonadaceae|g__Sanguibacteroides|s__Sanguibacteroides_justesenii	0.018330128171545	-0.0284	4.0272	0.10623796798900688
k__Bacteria|p__Actinobacteria|c__Coriobacteriia|o__Coriobacteriales|f__Atopobiaceae|g__Olsenella|s__Olsenella_profusa	0.018330128171545	-0.0284	4.6292	0.10623796798900688
k__Bacteria|p__Firmicutes|c__Clostridia|o__Clostridiales|f__Clostridiales_unclassified	0.01875877444008565	0.1079	-0.152	0.10815605888111883
k__Bacteria|p__Bacteroidetes|c__Bacteroidia|o__Bacteroidales|f__Porphyromonadaceae|g__Porphyromonas|s__Porphyromonas_sp_HMSC065F10	0.02097847221452396	-0.0342	4.7018	0.12032729917864261
k__Bacteria|p__Bacteroidetes|c__Bacteroidia|o__Bacteroidales|f__Prevotellaceae|g__Prevotella|s__Prevotella_sp_AM42_24	0.02218458506211316	0.0151	-5.5608	0.12658935909154262
k__Bacteria|p__Firmicutes|c__Negativicutes	0.022413040292133982	-0.1048	0.5582	0.12723710565842217
k__Bacteria|p__Firmicutes|c__Clostridia|o__Clostridiales|f__Eubacteriaceae|g__Anaerofustis	0.022670802934297334	-0.0573	-0.0543	0.12739380126023933
k__Bacteria|p__Firmicutes|c__Clostridia|o__Clostridiales|f__Eubacteriaceae|g__Anaerofustis|s__Anaerofustis_stercorihominis	0.022670802934297334	-0.0573	-0.0543	0.12739380126023933
k__Bacteria|p__Actinobacteria|c__Coriobacteriia|o__Coriobacteriales|f__Coriobacteriaceae|g__Collinsella|s__Collinsella_aerofaciens	0.023328011238896693	-0.104	0.5969	0.13042479010837696
k__Bacteria|p__Firmicutes|c__Clostridia|o__Clostridiales|f__Oscillospiraceae|g__Oscillibacter|s__Oscillibacter_sp_CAG_241	0.02347946068169569	-0.0915	1.0156	0.1306118742444077
k__Bacteria|p__Proteobacteria|c__Gammaproteobacteria|o__Enterobacterales|f__Morganellaceae|g__Morganella|s__Morganella_morganii	0.024166435188315533	-0.0264	5.355	0.1311384497718887
k__Bacteria|p__Firmicutes|c__Clostridia|o__Clostridiales|f__Christensenellaceae|g__Christensenella	0.02405942217079626	-0.0619	1.9689	0.1311384497718887
k__Bacteria|p__Firmicutes|c__Clostridia|o__Clostridiales|f__Christensenellaceae	0.02405942217079626	-0.0619	1.9689	0.1311384497718887
k__Bacteria|p__Firmicutes|c__Clostridia|o__Clostridiales|f__Christensenellaceae|g__Christensenella|s__Christensenella_minuta	0.02405942217079626	-0.0619	1.9689	0.1311384497718887
k__Bacteria|p__Proteobacteria|c__Gammaproteobacteria|o__Enterobacterales|f__Morganellaceae|g__Morganella	0.024166435188315533	-0.0264	5.355	0.1311384497718887
k__Bacteria|p__Bacteroidetes|c__Bacteroidia|o__Bacteroidales|f__Tannerellaceae|g__Parabacteroides	0.024482763645942488	-0.1033	0.143	0.13156514250513754
k__Bacteria|p__Bacteroidetes|c__Bacteroidia|o__Bacteroidales|f__Tannerellaceae	0.024482763645942488	-0.1033	0.143	0.13156514250513754
k__Bacteria|p__Firmicutes|c__Clostridia|o__Clostridiales|f__Lachnospiraceae|g__Eisenbergiella|s__Eisenbergiella_massiliensis	0.025017491240369505	-0.0999	-0.048	0.13378919228545433
k__Bacteria|p__Firmicutes|c__Clostridia|o__Clostridiales|f__Clostridiaceae|g__Butyricicoccus	0.026348494568776148	0.0436	-1.2822	0.14022972830593844
k__Bacteria|p__Firmicutes|c__Clostridia|o__Clostridiales|f__Ruminococcaceae|g__Ruminococcus|s__Ruminococcus_sp_CAG_403	0.026543641610442276	0.0173	-2.6519	0.14059239838640958
k__Bacteria|p__Bacteroidetes|c__Bacteroidia|o__Bacteroidales|f__Bacteroidaceae|g__Bacteroides|s__Bacteroides_salyersiae	0.02721792621375537	-0.0713	0.4778	0.14347735389822475
k__Bacteria|p__Actinobacteria|c__Actinobacteria|o__Bifidobacteriales|f__Bifidobacteriaceae|g__Bifidobacterium|s__Bifidobacterium_pseudocatenulatum	0.02760246625601389	-0.0892	1.1313	0.14481483481235724
k__Bacteria|p__Firmicutes|c__Erysipelotrichia|o__Erysipelotrichales|f__Erysipelotrichaceae|g__Solobacterium	0.027948115562112096	-0.0204	24.1368	0.14525147383689244
k__Bacteria|p__Firmicutes|c__Erysipelotrichia|o__Erysipelotrichales|f__Erysipelotrichaceae|g__Solobacterium|s__Solobacterium_moorei	0.027948115562112096	-0.0204	24.1368	0.14525147383689244
k__Bacteria|p__Actinobacteria|c__Actinobacteria|o__Actinomycetales|f__Actinomycetaceae|g__Varibaculum|s__Varibaculum_cambriense	0.029307177464595636	-0.0284	9.351	0.14950712190464227
k__Bacteria|p__Actinobacteria|c__Actinobacteria|o__Actinomycetales|f__Actinomycetaceae|g__Varibaculum	0.029307177464595636	-0.0284	9.351	0.14950712190464227
k__Bacteria|p__Bacteroidetes|c__Bacteroidia|o__Bacteroidales|f__Bacteroidaceae|g__Bacteroides|s__Bacteroides_vulgatus	0.029231871948082508	0.1001	-0.2285	0.14950712190464227
k__Bacteria|p__Firmicutes|c__Clostridia|o__Clostridiales|f__Ruminococcaceae	0.029151723691702557	0.1002	-0.1583	0.14950712190464227
k__Bacteria|p__Firmicutes|c__Clostridia|o__Clostridiales|f__Catabacteriaceae|g__Catabacter|s__Catabacter_hongkongensis	0.03007050375663243	-0.0602	1.3443	0.151309307539055
k__Bacteria|p__Firmicutes|c__Clostridia|o__Clostridiales|f__Catabacteriaceae|g__Catabacter	0.03007050375663243	-0.0602	1.3443	0.151309307539055
k__Bacteria|p__Firmicutes|c__Clostridia|o__Clostridiales|f__Catabacteriaceae	0.03007050375663243	-0.0602	1.3443	0.151309307539055
k__Bacteria|p__Firmicutes|c__Clostridia|o__Clostridiales|f__Eubacteriaceae|g__Eubacterium|s__Eubacterium_eligens	0.030799807465308904	0.093	-0.304	0.15427776861582335
k__Bacteria|p__Actinobacteria|c__Actinobacteria|o__Actinomycetales|f__Actinomycetaceae|g__Actinomyces|s__Actinomyces_johnsonii	0.0321854978324229	-0.0428	2.2032	0.1604925500022169
k__Bacteria|p__Firmicutes|c__Bacilli|o__Lactobacillales|f__Streptococcaceae|g__Streptococcus|s__Streptococcus_infantis	0.032476862635643255	0.0432	-0.7356	0.161219223935682
k__Bacteria|p__Actinobacteria|c__Actinobacteria|o__Bifidobacteriales|f__Bifidobacteriaceae|g__Aeriscardovia|s__Aeriscardovia_aeriphila	0.032783125366341974	-0.0354	-0.0629	0.1612929768024025
k__Bacteria|p__Actinobacteria|c__Actinobacteria|o__Bifidobacteriales|f__Bifidobacteriaceae|g__Aeriscardovia	0.032783125366341974	-0.0354	-0.0629	0.1612929768024025
k__Bacteria|p__Bacteroidetes|c__Bacteroidia|o__Bacteroidales|f__Prevotellaceae|g__Prevotella|s__Prevotella_buccalis	0.03571730924645437	-0.0322	7.3469	0.17116476768755406
k__Bacteria|p__Firmicutes|c__Clostridia|o__Clostridiales|f__Clostridiales_unclassified|g__Monoglobus|s__Monoglobus_pectinilyticus	0.0357017345237842	0.0852	0.13	0.17116476768755406
k__Bacteria|p__Firmicutes|c__Clostridia|o__Clostridiales|f__Clostridiales_unclassified|g__Monoglobus	0.0357017345237842	0.0852	0.13	0.17116476768755406
k__Bacteria|p__Firmicutes|c__Clostridia|o__Clostridiales|f__Lachnospiraceae|g__Lachnoclostridium|s__Lachnoclostridium_sp_An138	0.03540892675334407	-0.0579	0.7683	0.17116476768755406
k__Bacteria|p__Proteobacteria|c__Gammaproteobacteria|o__Pseudomonadales|f__Pseudomonadaceae|g__Pseudomonas|s__Pseudomonas_aeruginosa_group	0.035002996379947464	-0.03	-3.248	0.17116476768755406
k__Bacteria|p__Actinobacteria|c__Actinobacteria|o__Bifidobacteriales|f__Bifidobacteriaceae|g__Bifidobacterium|s__Bifidobacterium_adolescentis	0.03547800666647524	-0.0865	0.8125	0.17116476768755406
k__Bacteria|p__Firmicutes|c__Bacilli|o__Lactobacillales|f__Streptococcaceae|g__Streptococcus|s__Streptococcus_gallolyticus	0.03718981067775011	-0.0184	28.0	0.1720464381251946
k__Bacteria|p__Lentisphaerae|c__Lentisphaeria	0.038077124968990676	-0.0339	2.9558	0.1720464381251946
k__Bacteria|p__Lentisphaerae|c__Lentisphaeria|o__Victivallales	0.038077124968990676	-0.0339	2.9558	0.1720464381251946
k__Bacteria|p__Lentisphaerae|c__Lentisphaeria|o__Victivallales|f__Victivallaceae|g__Victivallis	0.038077124968990676	-0.0339	2.9558	0.1720464381251946
k__Bacteria|p__Firmicutes|c__Firmicutes_unclassified|o__Firmicutes_unclassified|f__Firmicutes_unclassified|g__Firmicutes_unclassified|s__Firmicutes_bacterium_CAG_424	0.03758141732402085	0.0695	-0.9637	0.1720464381251946
k__Bacteria|p__Lentisphaerae|c__Lentisphaeria|o__Victivallales|f__Victivallaceae	0.038077124968990676	-0.0339	2.9558	0.1720464381251946
k__Bacteria|p__Proteobacteria|c__Deltaproteobacteria	0.037693173928418644	-0.0938	0.5026	0.1720464381251946
k__Bacteria|p__Actinobacteria|c__Coriobacteriia|o__Coriobacteriales|f__Atopobiaceae|g__Atopobium|s__Atopobium_minutum	0.03718981067775011	-0.0184	24.467	0.1720464381251946
k__Bacteria|p__Firmicutes|c__Bacilli|o__Bacillales|f__Bacillales_unclassified|g__Gemella|s__Gemella_asaccharolytica	0.03718981067775011	-0.0184	21.8989	0.1720464381251946
k__Bacteria|p__Proteobacteria|c__Deltaproteobacteria|o__Desulfovibrionales|f__Desulfovibrionaceae	0.03772875970855166	-0.0938	0.5026	0.1720464381251946
k__Bacteria|p__Lentisphaerae	0.038077124968990676	-0.0339	2.9558	0.1720464381251946
k__Bacteria|p__Proteobacteria|c__Deltaproteobacteria|o__Desulfovibrionales	0.03772875970855166	-0.0938	0.5026	0.1720464381251946
k__Bacteria|p__Firmicutes|c__Bacilli|o__Lactobacillales|f__Enterococcaceae|g__Enterococcus|s__Enterococcus_durans	0.03718981067775011	-0.0184	24.3722	0.1720464381251946
k__Bacteria|p__Lentisphaerae|c__Lentisphaeria|o__Victivallales|f__Victivallaceae|g__Victivallis|s__Victivallis_vadensis	0.038077124968990676	-0.0339	2.9558	0.1720464381251946
k__Bacteria|p__Bacteroidetes|c__Bacteroidia|o__Bacteroidales|f__Bacteroidaceae|g__Bacteroides|s__Bacteroides_sartorii	0.040776661553485596	0.0085	-21.2115	0.18055905735883424
k__Bacteria|p__Proteobacteria|c__Gammaproteobacteria|o__Pasteurellales|f__Pasteurellaceae|g__Haemophilus|s__Haemophilus_sputorum	0.040776661553485596	0.0085	-19.214	0.18055905735883424
k__Bacteria|p__Firmicutes|c__Erysipelotrichia|o__Erysipelotrichales|f__Erysipelotrichaceae|g__Faecalitalea|s__Faecalitalea_cylindroides	0.040313454857099536	-0.0515	1.4834	0.18055905735883424
k__Bacteria|p__Firmicutes|c__Erysipelotrichia|o__Erysipelotrichales|f__Erysipelotrichaceae|g__Faecalitalea	0.040313454857099536	-0.0515	1.4834	0.18055905735883424
k__Bacteria|p__Firmicutes|c__Clostridia|o__Clostridiales|f__Lachnospiraceae|g__Dorea	0.040688548941216124	0.0939	-0.0925	0.18055905735883424
k__Bacteria|p__Actinobacteria|c__Coriobacteriia|o__Coriobacteriales|f__Atopobiaceae|g__Atopobium|s__Atopobium_parvulum	0.042429788767428686	-0.0222	3.5366	0.1849203786045022
k__Bacteria|p__Firmicutes|c__Clostridia|o__Clostridiales|f__Lachnospiraceae|g__Marvinbryantia|s__Marvinbryantia_formatexigens	0.042429788767428686	-0.0222	6.8492	0.1849203786045022
k__Bacteria|p__Firmicutes|c__Clostridia|o__Clostridiales|f__Lachnospiraceae|g__Blautia|s__Blautia_hydrogenotrophica	0.04194391649387648	0.0867	-0.7136	0.1849203786045022
k__Bacteria|p__Firmicutes|c__Clostridia|o__Clostridiales|f__Lachnospiraceae|g__Marvinbryantia	0.042429788767428686	-0.0222	6.8492	0.1849203786045022
k__Bacteria|p__Bacteroidetes|c__Bacteroidia|o__Bacteroidales|f__Prevotellaceae|g__Prevotella|s__Prevotella_disiens	0.046154900260917044	-0.0278	1.7717	0.20036656701503988
k__Bacteria|p__Firmicutes|c__Clostridia|o__Clostridiales|f__Ruminococcaceae|g__Ruminococcaceae_unclassified	0.047440234829837495	-0.091	-0.2543	0.20514195295558638
k__Bacteria|p__Firmicutes|c__Clostridia|o__Clostridiales|f__Eubacteriaceae|g__Eubacterium|s__Eubacterium_hallii	0.04792925565578259	0.0896	-0.0067	0.2064501401204332
k__Bacteria|p__Firmicutes|c__Tissierellia|o__Tissierellales|f__Peptoniphilaceae|g__Anaerococcus	0.04964283033846579	-0.0163	25.7893	0.21176888926479479
k__Bacteria|p__Firmicutes|c__Clostridia|o__Clostridiales|f__Lachnospiraceae|g__Lachnoclostridium|s__Lachnoclostridium_sp_An118	0.04973795050482985	-0.0316	-0.2855	0.21176888926479479
k__Bacteria|p__Firmicutes|c__Bacilli|o__Lactobacillales|f__Lactobacillaceae|g__Lactobacillus|s__Lactobacillus_vaccinostercus	0.04964283033846579	-0.0163	24.3049	0.21176888926479479
k__Bacteria|p__Actinobacteria|c__Actinobacteria|o__Bifidobacteriales|f__Bifidobacteriaceae|g__Bifidobacterium|s__Bifidobacterium_scardovii	0.05047265051083292	-0.0242	6.2311	0.21395877299866287
k__Bacteria|p__Firmicutes|c__Bacilli|o__Lactobacillales|f__Enterococcaceae|g__Enterococcus|s__Enterococcus_casseliflavus	0.050638842389927434	-0.0242	3.6867	0.21395877299866287
k__Bacteria|p__Firmicutes|c__Clostridia|o__Clostridiales|f__Clostridiales_unclassified|g__Lawsonibacter|s__Lawsonibacter_asaccharolyticus	0.053418377186719	0.0884	-0.6221	0.22399296797612853
k__Bacteria|p__Firmicutes|c__Clostridia|o__Clostridiales|f__Clostridiales_unclassified|g__Lawsonibacter	0.053418377186719	0.0884	-0.6221	0.22399296797612853
k__Bacteria|p__Firmicutes|c__Erysipelotrichia|o__Erysipelotrichales|f__Erysipelotrichaceae|g__Faecalicoccus	0.05415894950903815	-0.0263	5.5186	0.22477091657443068
k__Bacteria|p__Firmicutes|c__Erysipelotrichia|o__Erysipelotrichales|f__Erysipelotrichaceae|g__Faecalicoccus|s__Faecalicoccus_pleomorphus	0.05415894950903815	-0.0263	5.5186	0.22477091657443068
k__Bacteria|p__Proteobacteria|c__Gammaproteobacteria|o__Enterobacterales|f__Enterobacteriaceae|g__Citrobacter	0.05421303949898193	-0.0403	-2.1306	0.22477091657443068
k__Bacteria|p__Firmicutes|c__Clostridia|o__Clostridiales|f__Lachnospiraceae|g__Blautia|s__Ruminococcus_gnavus	0.05446941245128074	0.0876	-0.7441	0.22499119247599916
k__Bacteria|p__Bacteroidetes|c__Bacteroidia|o__Bacteroidales|f__Barnesiellaceae|g__Barnesiella|s__Barnesiella_intestinihominis	0.054764232536602016	-0.074	0.3192	0.2253680498811094
k__Bacteria|p__Firmicutes|c__Bacilli|o__Lactobacillales|f__Streptococcaceae|g__Streptococcus|s__Streptococcus_sobrinus	0.05503617779351194	-0.0203	6.091	0.22564832895339898
k__Bacteria|p__Firmicutes|c__Bacilli|o__Lactobacillales|f__Lactobacillaceae|g__Lactobacillus|s__Lactobacillus_acidophilus	0.05545592972257416	-0.0202	4.0463	0.2265303107117697
k__Bacteria|p__Firmicutes|c__Negativicutes|o__Veillonellales|f__Veillonellaceae|g__Veillonella|s__Veillonella_infantium	0.05638631500872786	0.0363	0.7568	0.22948400998037405
k__Bacteria|p__Bacteroidetes|c__Bacteroidia|o__Bacteroidales|f__Odoribacteraceae|g__Butyricimonas	0.05665029089345895	-0.078	0.38	0.22971381691963025
k__Bacteria|p__Actinobacteria|c__Actinobacteria|o__Bifidobacteriales|f__Bifidobacteriaceae|g__Bifidobacterium|s__Bifidobacterium_breve	0.05707197632258434	-0.0533	2.4725	0.23057911601861628
k__Bacteria|p__Firmicutes|c__Clostridia|o__Clostridiales|f__Lachnospiraceae|g__Blautia|s__Ruminococcus_torques	0.05816802790031131	0.0816	-0.326	0.2333043727740747
k__Bacteria|p__Firmicutes|c__Bacilli|o__Lactobacillales|f__Enterococcaceae|g__Enterococcus|s__Enterococcus_faecalis	0.05807414181499453	-0.0393	1.5777	0.2333043727740747
k__Bacteria|p__Bacteroidetes|c__Bacteroidia|o__Bacteroidales|f__Odoribacteraceae|g__Butyricimonas|s__Butyricimonas_virosa	0.05853422788997313	-0.0767	0.493	0.23392559665776264
k__Bacteria|p__Actinobacteria|c__Coriobacteriia|o__Eggerthellales|f__Eggerthellaceae|g__Gordonibacter	0.05932866988388126	-0.0866	0.2735	0.2354008514747547
k__Bacteria|p__Actinobacteria|c__Coriobacteriia|o__Eggerthellales|f__Eggerthellaceae|g__Gordonibacter|s__Gordonibacter_pamelaeae	0.05932866988388126	-0.0866	0.2735	0.2354008514747547
k__Bacteria|p__Firmicutes|c__Clostridia|o__Clostridiales|f__Lachnospiraceae|g__Dorea|s__Dorea_longicatena	0.06084496474166048	0.082	-0.2383	0.2405549141750648
k__Bacteria|p__Proteobacteria|c__Gammaproteobacteria|o__Pasteurellales|f__Pasteurellaceae|g__Haemophilus|s__Haemophilus_parainfluenzae	0.0614506816927143	0.044	0.1805	0.24208506987129796
k__Bacteria|p__Bacteroidetes|c__Bacteroidia|o__Bacteroidales|f__Prevotellaceae|g__Prevotella|s__Prevotella_colorans	0.06653042099757361	-0.0143	22.514	0.2496582238790305
k__Bacteria|p__Actinobacteria|c__Actinobacteria|o__Bifidobacteriales|f__Bifidobacteriaceae|g__Alloscardovia|s__Alloscardovia_omnicolens	0.06453708833597119	-0.0418	1.5955	0.2496582238790305
k__Bacteria|p__Bacteroidetes|c__Bacteroidia|o__Bacteroidales|f__Barnesiellaceae|g__Barnesiella	0.06483531166432394	-0.0713	0.3191	0.2496582238790305
k__Bacteria|p__Actinobacteria|c__Actinobacteria|o__Bifidobacteriales|f__Bifidobacteriaceae|g__Alloscardovia	0.06453708833597119	-0.0418	1.5955	0.2496582238790305
k__Bacteria|p__Actinobacteria|c__Actinobacteria|o__Actinomycetales|f__Actinomycetaceae|g__Actinomyces|s__Actinomyces_turicensis	0.06636167242539048	-0.0221	4.1754	0.2496582238790305
k__Bacteria|p__Firmicutes|c__Bacilli|o__Lactobacillales|f__Lactobacillaceae|g__Lactobacillus|s__Lactobacillus_ruminis	0.06653042099757361	-0.0143	27.5079	0.2496582238790305
k__Bacteria|p__Firmicutes|c__Bacilli|o__Lactobacillales|f__Lactobacillaceae|g__Lactobacillus|s__Lactobacillus_vaginalis	0.06483481412046535	-0.0328	-0.1721	0.2496582238790305
k__Bacteria|p__Actinobacteria|c__Actinobacteria|o__Corynebacteriales|f__Corynebacteriales_unclassified|g__Lawsonella|s__Lawsonella_clevelandensis	0.06653042099757361	-0.0143	21.3219	0.2496582238790305
k__Bacteria|p__Actinobacteria|c__Actinobacteria|o__Corynebacteriales|f__Corynebacteriales_unclassified|g__Lawsonella	0.06653042099757361	-0.0143	21.3219	0.2496582238790305
k__Bacteria|p__Firmicutes|c__Bacilli|o__Lactobacillales|f__Lactobacillaceae|g__Lactobacillus|s__Lactobacillus_crispatus	0.06550926167767619	-0.0222	4.8105	0.2496582238790305
k__Bacteria|p__Firmicutes|c__Bacilli|o__Lactobacillales|f__Lactobacillaceae|g__Lactobacillus|s__Lactobacillus_apis	0.06653042099757361	-0.0143	25.276	0.2496582238790305
k__Bacteria|p__Actinobacteria|c__Actinobacteria|o__Corynebacteriales|f__Corynebacteriales_unclassified	0.06653042099757361	-0.0143	21.3219	0.2496582238790305
k__Bacteria|p__Firmicutes|c__Clostridia|o__Clostridiales|f__Peptostreptococcaceae|g__Terrisporobacter|s__Terrisporobacter_othiniensis	0.06653042099757361	-0.0143	22.5472	0.2496582238790305
k__Bacteria|p__Firmicutes|c__Clostridia|o__Clostridiales|f__Peptostreptococcaceae|g__Terrisporobacter	0.06653042099757361	-0.0143	22.5472	0.2496582238790305
k__Bacteria|p__Bacteroidetes|c__Bacteroidia|o__Bacteroidales|f__Porphyromonadaceae|g__Porphyromonas|s__Porphyromonas_uenonis	0.06875301171678543	-0.0219	-1.6193	0.25593951648091645
k__Bacteria|p__Firmicutes|c__Bacilli|o__Lactobacillales|f__Lactobacillaceae|g__Lactobacillus|s__Lactobacillus_animalis	0.06854020009180244	-0.0364	1.5981	0.25593951648091645
k__Bacteria|p__Proteobacteria|c__Deltaproteobacteria|o__Desulfovibrionales|f__Desulfovibrionaceae|g__Desulfovibrio	0.06889790055222503	-0.0465	0.9356	0.25593951648091645
k__Bacteria|p__Synergistetes|c__Synergistia|o__Synergistales|f__Synergistaceae|g__Cloacibacillus|s__Cloacibacillus_porcorum	0.06967175722987111	-0.0334	2.1565	0.2579486128878506
k__Bacteria|p__Firmicutes|c__Clostridia|o__Clostridiales|f__Ruminococcaceae|g__Ruminococcus	0.07111734830765365	0.0819	-0.0304	0.26168102663451637
k__Bacteria|p__Firmicutes|c__Clostridia|o__Clostridiales|f__Clostridiaceae|g__Clostridium|s__Clostridium_bolteae_CAG_59	0.07115265493856317	0.0635	-1.3746	0.26168102663451637
k__Bacteria|p__Bacteroidetes|c__Bacteroidia|o__Bacteroidales|f__Bacteroidaceae|g__Bacteroides|s__Bacteroides_faecis	0.07219354486350339	-0.0589	-0.2416	0.2643793720952766
k__Bacteria|p__Firmicutes|c__Clostridia|o__Clostridiales|f__Ruminococcaceae|g__Anaerotruncus|s__Anaerotruncus_colihominis	0.07236400157621392	-0.0794	0.5213	0.2643793720952766
k__Bacteria|p__Actinobacteria|c__Actinobacteria|o__Bifidobacteriales|f__Bifidobacteriaceae|g__Bifidobacterium|s__Bifidobacterium_catenulatum	0.07369254628702492	-0.0182	2.994	0.26834752874913353
k__Bacteria|p__Firmicutes|c__Clostridia|o__Clostridiales|f__Lachnospiraceae|g__Blautia|s__Blautia_producta	0.07449922695770166	-0.0751	-0.8754	0.27039555489237943
k__Bacteria|p__Actinobacteria|c__Actinobacteria|o__Corynebacteriales|f__Corynebacteriaceae|g__Corynebacterium|s__Corynebacterium_durum	0.07480710083102969	-0.0181	0.7602	0.2706256883004898
k__Bacteria|p__Firmicutes|c__Firmicutes_unclassified|o__Firmicutes_unclassified|f__Firmicutes_unclassified|g__Firmicutes_unclassified|s__Firmicutes_bacterium_CAG_94	0.07600700331321567	-0.0716	1.2789	0.2740708555952109
k__Bacteria|p__Proteobacteria|c__Gammaproteobacteria|o__Enterobacterales|f__Morganellaceae	0.07750855349717749	-0.0275	2.0634	0.27857782052394636
k__Bacteria|p__Proteobacteria|c__Gammaproteobacteria|o__Pasteurellales|f__Pasteurellaceae|g__Haemophilus	0.07878127859087417	0.0439	-0.0844	0.2822358427187628
k__Bacteria|p__Proteobacteria|c__Gammaproteobacteria|o__Pasteurellales|f__Pasteurellaceae|g__Haemophilus|s__Haemophilus_sp_HMSC71H05	0.08130588756148137	0.0317	-0.8461	0.29034070171148346
k__Bacteria|p__Firmicutes|c__Bacilli|o__Lactobacillales|f__Streptococcaceae	0.08453868682595532	-0.0792	0.2027	0.30091423252840044
k__Bacteria|p__Firmicutes|c__Clostridia|o__Clostridiales|f__Eubacteriaceae|g__Eubacterium|s__Eubacterium_sp_CAG_274	0.08649865248294651	0.0333	-1.2072	0.30690387275199293
k__Bacteria|p__Firmicutes|c__Bacilli|o__Lactobacillales|f__Enterococcaceae|g__Enterococcus|s__Enterococcus_canintestini	0.08962554306703759	-0.0122	26.387	0.31102030148968846
k__Bacteria|p__Firmicutes|c__Bacilli|o__Lactobacillales|f__Lactobacillaceae|g__Lactobacillus|s__Lactobacillus_dextrinicus	0.08962554306703759	-0.0122	25.1945	0.31102030148968846
k__Bacteria|p__Firmicutes|c__Tissierellia|o__Tissierellales|f__Peptoniphilaceae|g__Peptoniphilus|s__Peptoniphilus_sp_HMSC062D09	0.08962554306703759	-0.0122	23.5951	0.31102030148968846
k__Bacteria|p__Firmicutes|c__Negativicutes|o__Veillonellales|f__Veillonellaceae|g__Dialister|s__Dialister_pneumosintes	0.08962554306703759	-0.0122	22.4701	0.31102030148968846
k__Bacteria|p__Firmicutes|c__Tissierellia|o__Tissierellales|f__Peptoniphilaceae|g__Anaerococcus|s__Anaerococcus_vaginalis	0.08962554306703759	-0.0122	23.2975	0.31102030148968846
k__Bacteria|p__Bacteroidetes|c__Bacteroidia|o__Bacteroidales|f__Bacteroidales_unclassified	0.08962554306703759	-0.0122	20.6442	0.31102030148968846
k__Bacteria|p__Bacteroidetes|c__Bacteroidia|o__Bacteroidales|f__Bacteroidales_unclassified|g__Bacteroidales_unclassified	0.08962554306703759	-0.0122	20.6442	0.31102030148968846
k__Bacteria|p__Firmicutes|c__Clostridia|o__Clostridiales|f__Peptostreptococcaceae|g__Romboutsia	0.09122347085306479	-0.0318	2.0417	0.315576194482321
k__Bacteria|p__Firmicutes|c__Bacilli|o__Lactobacillales|f__Streptococcaceae|g__Streptococcus	0.09168698637622771	-0.0774	0.2114	0.31619156983951424
k__Bacteria|p__Bacteroidetes|c__Bacteroidia|o__Bacteroidales|f__Tannerellaceae|g__Parabacteroides|s__Parabacteroides_goldsteinii	0.0920604325085343	-0.0587	0.012	0.31649347449362564
k__Bacteria|p__Bacteroidetes|c__Bacteroidia|o__Bacteroidales|f__Prevotellaceae|g__Prevotella|s__Prevotella_bivia	0.09299436742241018	-0.0275	1.6958	0.31871444190900333
k__Bacteria|p__Firmicutes|c__Bacilli|o__Lactobacillales|f__Lactobacillaceae|g__Lactobacillus|s__Lactobacillus_plantarum	0.09485275556528949	-0.0328	1.2228	0.3240802481814058
k__Bacteria|p__Proteobacteria|c__Deltaproteobacteria|o__Desulfovibrionales|f__Desulfovibrionaceae|g__Bilophila	0.09722683800306442	-0.0745	0.2779	0.3241870773174467
k__Bacteria|p__Synergistetes|c__Synergistia|o__Synergistales|f__Synergistaceae|g__Pyramidobacter|s__Pyramidobacter_sp_C12_8	0.09698861011281391	-0.0162	3.7087	0.3241870773174467
k__Bacteria|p__Proteobacteria|c__Deltaproteobacteria|o__Desulfovibrionales|f__Desulfovibrionaceae|g__Bilophila|s__Bilophila_wadsworthia	0.09722683800306442	-0.0745	0.2779	0.3241870773174467
k__Bacteria|p__Proteobacteria|c__Gammaproteobacteria|o__Pseudomonadales	0.09634906246275508	-0.0255	-3.2434	0.3241870773174467
k__Bacteria|p__Proteobacteria|c__Gammaproteobacteria|o__Pseudomonadales|f__Pseudomonadaceae	0.09634906246275508	-0.0255	-3.2434	0.3241870773174467
k__Bacteria|p__Proteobacteria|c__Gammaproteobacteria|o__Pseudomonadales|f__Pseudomonadaceae|g__Pseudomonas	0.09634906246275508	-0.0255	-3.2434	0.3241870773174467
k__Bacteria|p__Actinobacteria|c__Actinobacteria|o__Micrococcales|f__Micrococcaceae|g__Rothia	0.09637968357581654	0.0672	-0.4782	0.3241870773174467
k__Bacteria|p__Actinobacteria|c__Actinobacteria|o__Actinomycetales|f__Actinomycetaceae|g__Actinomyces|s__Actinomyces_sp_oral_taxon_180	0.09626881778272131	-0.0162	4.2733	0.3241870773174467
k__Bacteria|p__Firmicutes|c__Clostridia|o__Clostridiales|f__Clostridiaceae|g__Clostridium|s__Clostridium_sp_CAG_253	0.09760341785469855	0.0305	-1.2221	0.32446541611156543
k__Bacteria|p__Proteobacteria|c__Gammaproteobacteria|o__Pasteurellales	0.09824928904432378	0.0415	0.007	0.32466257603601917
k__Bacteria|p__Proteobacteria|c__Gammaproteobacteria|o__Pasteurellales|f__Pasteurellaceae	0.09824928904432378	0.0415	0.007	0.32466257603601917
k__Bacteria|p__Bacteroidetes|c__Bacteroidia|o__Bacteroidales|f__Barnesiellaceae|g__Coprobacter	0.10107373091550216	0.0575	-0.2985	0.33259332012336307
k__Bacteria|p__Firmicutes|c__Firmicutes_unclassified|o__Firmicutes_unclassified|f__Firmicutes_unclassified|g__Firmicutes_unclassified|s__Firmicutes_bacterium_CAG_646	0.10125017965815117	0.0229	-2.5103	0.33259332012336307
k__Bacteria|p__Firmicutes|c__Clostridia|o__Clostridiales|f__Peptostreptococcaceae|g__Romboutsia|s__Romboutsia_ilealis	0.10992974748422074	-0.0297	2.0296	0.36003618480778804
k__Bacteria|p__Firmicutes|c__Clostridia|o__Clostridiales|f__Ruminococcaceae|g__Anaerotruncus	0.11093090923947818	-0.0706	0.3557	0.36224341158732254
k__Bacteria|p__Firmicutes|c__Clostridia|o__Clostridiales|f__Lachnospiraceae|g__Blautia|s__Blautia_sp_CAG_257	0.11170852909660266	0.0723	-0.0719	0.36370982855864453
k__Bacteria|p__Firmicutes|c__Clostridia|o__Clostridiales|f__Lachnospiraceae|g__Lachnoclostridium	0.11261165729459398	-0.0728	0.4375	0.36557508687717166
k__Bacteria|p__Firmicutes|c__Tissierellia|o__Tissierellales|f__Peptoniphilaceae|g__Peptoniphilus	0.11429738230527545	-0.0179	3.178	0.3699625795670758
k__Bacteria|p__Bacteroidetes|c__Bacteroidia|o__Bacteroidales|f__Prevotellaceae	0.11649224226135933	0.07	-1.227	0.37596767400386233
k__Bacteria|p__Firmicutes|c__Clostridia|o__Clostridiales|f__Lachnospiraceae|g__Lachnoclostridium|s__Clostridium_saccharolyticum	0.1171047439390811	-0.0478	0.3263	0.3768457893621011
k__Bacteria|p__Actinobacteria|c__Coriobacteriia|o__Eggerthellales|f__Eggerthellaceae|g__Slackia|s__Slackia_exigua	0.12157600176602705	-0.0102	21.4336	0.38562932365327207
k__Bacteria|p__Bacteroidetes|c__Bacteroidia|o__Bacteroidales|f__Bacteroidaceae|g__Bacteroides|s__Bacteroides_faecichinchillae	0.12157600176602705	-0.0102	20.834	0.38562932365327207
k__Bacteria|p__Firmicutes|c__Clostridia|o__Clostridiales|f__Ruminococcaceae|g__Ruminococcus|s__Ruminococcus_champanellensis	0.12157600176602705	-0.0102	27.2253	0.38562932365327207
k__Bacteria|p__Firmicutes|c__Clostridia|o__Clostridiales|f__Clostridiales_Family_XIII_Incertae_Sedis|g__Clostridiales_Family_XIII_Incertae_Sedis_unclassified|s__Eubacterium_brachy	0.12157600176602705	-0.0102	23.3699	0.38562932365327207
k__Bacteria|p__Bacteroidetes|c__Bacteroidia|o__Bacteroidales|f__Bacteroidales_unclassified|g__Bacteroidales_unclassified|s__Bacteroidales_bacterium_KA00251	0.12157600176602705	-0.0102	20.4535	0.38562932365327207
k__Bacteria|p__Firmicutes|c__Bacilli|o__Lactobacillales|f__Streptococcaceae|g__Streptococcus|s__Streptococcus_thermophilus	0.12374855450820686	0.0689	0.1096	0.39139899954452856
k__Bacteria|p__Bacteroidetes|c__Bacteroidia|o__Bacteroidales|f__Bacteroidaceae|g__Bacteroides|s__Bacteroides_caccae	0.1264049468055859	-0.0683	0.3746	0.39866175530992476
k__Bacteria|p__Synergistetes|c__Synergistia|o__Synergistales|f__Synergistaceae|g__Fretibacterium|s__Fretibacterium_fastidiosum	0.1274507782218438	-0.0142	3.0342	0.39968275210079635
k__Bacteria|p__Synergistetes|c__Synergistia|o__Synergistales|f__Synergistaceae|g__Fretibacterium	0.1274507782218438	-0.0142	3.0342	0.39968275210079635
k__Bacteria|p__Verrucomicrobia	0.13501476526740167	-0.0679	0.5619	0.40101652813590744
k__Bacteria|p__Firmicutes|c__Bacilli|o__Lactobacillales|f__Lactobacillaceae|g__Lactobacillus|s__Lactobacillus_fuchuensis	0.14870558999773975	0.0043	-16.8268	0.40101652813590744
k__Eukaryota|p__Eukaryota_unclassified|c__Eukaryota_unclassified|o__Eukaryota_unclassified|f__Eukaryota_unclassified	0.14870558999773975	0.0043	-21.9603	0.40101652813590744
k__Bacteria|p__Proteobacteria|c__Gammaproteobacteria|o__Enterobacterales|f__Enterobacteriaceae|g__Pluralibacter	0.14870558999773975	0.0043	-23.8158	0.40101652813590744
k__Bacteria|p__Firmicutes|c__Negativicutes|o__Acidaminococcales|f__Acidaminococcaceae|g__Phascolarctobacterium	0.1323446574922345	-0.0677	0.0914	0.40101652813590744
k__Bacteria|p__Proteobacteria|c__Gammaproteobacteria|o__Enterobacterales|f__Enterobacteriaceae|g__Pluralibacter|s__Pluralibacter_gergoviae	0.14870558999773975	0.0043	-23.8158	0.40101652813590744
k__Bacteria|p__Firmicutes|c__Clostridia|o__Clostridiales|f__Peptostreptococcaceae|g__Clostridioides|s__Clostridioides_difficile	0.1412940901716756	-0.0161	5.7921	0.40101652813590744
k__Bacteria|p__Proteobacteria|c__Gammaproteobacteria|o__Pseudomonadales|f__Pseudomonadaceae|g__Pseudomonas|s__Pseudomonas_helleri	0.14870558999773975	0.0043	-19.213	0.40101652813590744
k__Bacteria|p__Firmicutes|c__Clostridia|o__Clostridiales|f__Peptostreptococcaceae|g__Clostridioides	0.1412940901716756	-0.0161	5.7921	0.40101652813590744
k__Eukaryota|p__Eukaryota_unclassified|c__Eukaryota_unclassified|o__Eukaryota_unclassified	0.14870558999773975	0.0043	-21.9603	0.40101652813590744
k__Bacteria|p__Firmicutes|c__Clostridia|o__Clostridiales|f__Clostridiaceae|g__Clostridium|s__Clostridium_sp_CAG_964	0.14477267296402777	-0.016	2.5283	0.40101652813590744
k__Bacteria|p__Firmicutes|c__Negativicutes|o__Veillonellales|f__Veillonellaceae|g__Veillonella|s__Veillonella_atypica	0.12956739649853902	0.0397	1.2061	0.40101652813590744
k__Bacteria|p__Verrucomicrobia|c__Verrucomicrobiae|o__Verrucomicrobiales|f__Akkermansiaceae|g__Akkermansia	0.13501476526740167	-0.0679	0.5619	0.40101652813590744
k__Eukaryota|p__Eukaryota_unclassified|c__Eukaryota_unclassified|o__Eukaryota_unclassified|f__Eukaryota_unclassified|g__Blastocystis	0.14870558999773975	0.0043	-21.9603	0.40101652813590744
k__Bacteria|p__Firmicutes|c__Clostridia|o__Clostridiales|f__Clostridiales_unclassified|g__Clostridiales_unclassified|s__Clostridiales_bacterium_CHKCI001	0.14870558999773975	0.0043	-14.8054	0.40101652813590744
k__Bacteria|p__Firmicutes|c__Negativicutes|o__Acidaminococcales|f__Acidaminococcaceae|g__Phascolarctobacterium|s__Phascolarctobacterium_succinatutens	0.1481526800868626	-0.0308	0.1214	0.40101652813590744
k__Bacteria|p__Firmicutes|c__Clostridia|o__Clostridiales|f__Clostridiaceae|g__Clostridium|s__Clostridium_sp_CAG_167	0.1457054871649578	0.0351	-1.1751	0.40101652813590744
k__Bacteria|p__Firmicutes|c__Clostridia|o__Clostridiales|f__Lachnospiraceae|g__Anaerosporobacter	0.14870558999773975	0.0043	-15.5595	0.40101652813590744
k__Bacteria|p__Verrucomicrobia|c__Verrucomicrobiae|o__Verrucomicrobiales|f__Akkermansiaceae	0.13501476526740167	-0.0679	0.5619	0.40101652813590744
k__Bacteria|p__Verrucomicrobia|c__Verrucomicrobiae|o__Verrucomicrobiales|f__Akkermansiaceae|g__Akkermansia|s__Akkermansia_muciniphila	0.13501476526740167	-0.0679	0.5619	0.40101652813590744
k__Bacteria|p__Firmicutes|c__Clostridia|o__Clostridiales|f__Lachnospiraceae|g__Blautia|s__Blautia_coccoides	0.14512228769836155	-0.0568	1.6428	0.40101652813590744
k__Bacteria|p__Proteobacteria|c__Betaproteobacteria|o__Burkholderiales|f__Burkholderiaceae|g__Lautropia|s__Lautropia_mirabilis	0.14870558999773975	0.0043	-17.6371	0.40101652813590744
k__Bacteria|p__Verrucomicrobia|c__Verrucomicrobiae	0.13501476526740167	-0.0679	0.5619	0.40101652813590744
k__Bacteria|p__Firmicutes|c__Bacilli|o__Lactobacillales|f__Streptococcaceae|g__Streptococcus|s__Streptococcus_pasteurianus	0.13240054741236937	-0.0239	6.1502	0.40101652813590744
k__Eukaryota|p__Eukaryota_unclassified	0.14870558999773975	0.0043	-21.9603	0.40101652813590744
k__Bacteria|p__Proteobacteria|c__Betaproteobacteria|o__Burkholderiales|f__Burkholderiaceae|g__Lautropia	0.14870558999773975	0.0043	-17.6371	0.40101652813590744
k__Bacteria|p__Proteobacteria|c__Betaproteobacteria|o__Burkholderiales|f__Burkholderiaceae	0.14870558999773975	0.0043	-17.6371	0.40101652813590744
k__Bacteria|p__Firmicutes|c__Clostridia|o__Clostridiales|f__Lachnospiraceae|g__Anaerotignum|s__Anaerotignum_lactatifermentans	0.13172482361483645	0.0556	-0.3106	0.40101652813590744
k__Bacteria|p__Firmicutes|c__Clostridia|o__Clostridiales|f__Lachnospiraceae|g__Roseburia|s__Roseburia_sp_CAG_309	0.1435676234285356	0.0331	-0.4134	0.40101652813590744
k__Bacteria|p__Proteobacteria|c__Gammaproteobacteria|o__Aeromonadales|f__Aeromonadaceae|g__Aeromonas|s__Aeromonas_allosaccharophila	0.14870558999773975	0.0043	-17.956	0.40101652813590744
k__Bacteria|p__Firmicutes|c__Clostridia|o__Clostridiales|f__Lachnospiraceae|g__Anaerotignum	0.13172482361483645	0.0556	-0.3106	0.40101652813590744
k__Bacteria|p__Verrucomicrobia|c__Verrucomicrobiae|o__Verrucomicrobiales	0.13501476526740167	-0.0679	0.5619	0.40101652813590744
k__Bacteria|p__Firmicutes|c__Clostridia|o__Clostridiales|f__Lachnospiraceae|g__Anaerosporobacter|s__Anaerosporobacter_mobilis	0.14870558999773975	0.0043	-15.5595	0.40101652813590744
k__Bacteria|p__Firmicutes|c__Clostridia|o__Clostridiales|f__Lachnospiraceae|g__Lachnospiraceae_unclassified|s__Lachnospiraceae_bacterium_oral_taxon_096	0.14870558999773975	0.0043	-21.6002	0.40101652813590744
k__Bacteria|p__Proteobacteria|c__Gammaproteobacteria|o__Enterobacterales|f__Enterobacteriaceae|g__Citrobacter|s__Citrobacter_europaeus	0.14870558999773975	0.0043	-27.2996	0.40101652813590744
k__Bacteria|p__Firmicutes|c__Clostridia|o__Clostridiales|f__Lachnospiraceae|g__Murimonas	0.14888689526997106	-0.0314	0.3608	0.40101652813590744
k__Eukaryota|p__Eukaryota_unclassified|c__Eukaryota_unclassified	0.14870558999773975	0.0043	-21.9603	0.40101652813590744
k__Bacteria|p__Firmicutes|c__Clostridia|o__Clostridiales|f__Lachnospiraceae|g__Murimonas|s__Murimonas_intestini	0.14888689526997106	-0.0314	0.3608	0.40101652813590744
k__Bacteria|p__Firmicutes|c__Firmicutes_unclassified|o__Firmicutes_unclassified|f__Firmicutes_unclassified|g__Firmicutes_unclassified|s__Firmicutes_bacterium_CAG_145	0.13584865440835497	-0.0587	0.2313	0.40101652813590744
k__Bacteria|p__Proteobacteria|c__Gammaproteobacteria|o__Aeromonadales|f__Aeromonadaceae|g__Aeromonas|s__Aeromonas_veronii	0.14870558999773975	0.0043	-24.7036	0.40101652813590744
k__Bacteria|p__Firmicutes|c__Clostridia|o__Clostridiales|f__Ruminococcaceae|g__Ruminococcaceae_unclassified|s__Clostridium_methylpentosum	0.13457205920206863	-0.0431	1.9214	0.40101652813590744
k__Eukaryota|p__Eukaryota_unclassified|c__Eukaryota_unclassified|o__Eukaryota_unclassified|f__Eukaryota_unclassified|g__Blastocystis|s__Blastocystis_sp_subtype_1	0.14870558999773975	0.0043	-21.9603	0.40101652813590744
k__Bacteria|p__Actinobacteria|c__Actinobacteria|o__Corynebacteriales|f__Corynebacteriaceae|g__Corynebacterium|s__Corynebacterium_frankenforstense	0.14870558999773975	0.0043	-19.5595	0.40101652813590744
k__Bacteria|p__Actinobacteria|c__Actinobacteria|o__Corynebacteriales|f__Corynebacteriaceae|g__Corynebacterium|s__Corynebacterium_nuruki	0.14870558999773975	0.0043	-22.9024	0.40101652813590744
k__Bacteria|p__Firmicutes|c__Bacilli|o__Lactobacillales|f__Carnobacteriaceae|g__Granulicatella|s__Granulicatella_elegans	0.14870558999773975	0.0043	-17.7589	0.40101652813590744
k__Bacteria|p__Bacteroidetes|c__Bacteroidia|o__Bacteroidales|f__Barnesiellaceae|g__Barnesiella|s__Barnesiella_viscericola	0.14870558999773975	0.0043	-18.1676	0.40101652813590744
k__Bacteria|p__Actinobacteria|c__Coriobacteriia|o__Eggerthellales|f__Eggerthellaceae|g__Eggerthella|s__Eggerthella_lenta	0.14194461138831652	-0.0673	0.277	0.40101652813590744
k__Bacteria|p__Bacteroidetes|c__Bacteroidia|o__Bacteroidales|f__Prevotellaceae|g__Prevotella|s__Prevotella_sp_CAG_1320	0.14870558999773975	0.0043	-28.3498	0.40101652813590744
k__Bacteria|p__Bacteroidetes|c__Bacteroidia|o__Bacteroidales|f__Bacteroidaceae	0.13435273296298672	0.0687	-0.0951	0.40101652813590744
k__Bacteria|p__Firmicutes|c__Bacilli|o__Bacillales|f__Bacillaceae|g__Bacillus|s__Bacillus_horneckiae	0.14870558999773975	0.0043	-18.9377	0.40101652813590744
k__Bacteria|p__Bacteroidetes|c__Bacteroidia|o__Bacteroidales|f__Bacteroidaceae|g__Bacteroides	0.13435273296298672	0.0687	-0.0951	0.40101652813590744
k__Bacteria|p__Firmicutes|c__Bacilli|o__Lactobacillales|f__Carnobacteriaceae|g__Granulicatella	0.14870558999773975	0.0043	-17.7589	0.40101652813590744
k__Bacteria|p__Bacteroidetes|c__Bacteroidia|o__Bacteroidales|f__Dysgonamonadaceae|g__Dysgonomonas|s__Dysgonomonas_gadei	0.14870558999773975	0.0043	-15.6341	0.40101652813590744
k__Bacteria|p__Bacteroidetes|c__Bacteroidia|o__Bacteroidales|f__Rikenellaceae|g__Alistipes|s__Alistipes_sp_An66	0.14870558999773975	0.0043	-20.865	0.40101652813590744
k__Bacteria|p__Bacteroidetes|c__Bacteroidia|o__Bacteroidales|f__Rikenellaceae|g__Alistipes|s__Alistipes_sp_CAG_831	0.13217226924455117	0.0133	-13.9376	0.40101652813590744
k__Bacteria|p__Actinobacteria|c__Coriobacteriia|o__Eggerthellales|f__Eggerthellaceae|g__Eggerthella	0.14194461138831652	-0.0673	0.277	0.40101652813590744
k__Bacteria|p__Bacteroidetes|c__Bacteroidia|o__Bacteroidales|f__Bacteroidaceae|g__Bacteroides|s__Bacteroides_coprocola	0.13868076739146362	0.0337	-0.9928	0.40101652813590744
k__Bacteria|p__Bacteroidetes|c__Bacteroidia|o__Bacteroidales|f__Tannerellaceae|g__Parabacteroides|s__Parabacteroides_merdae	0.1415804230538794	-0.067	0.1032	0.40101652813590744
k__Bacteria|p__Firmicutes|c__Clostridia|o__Clostridiales|f__Ruminococcaceae|g__Pseudoflavonifractor	0.15414226473749876	-0.0435	0.2813	0.41100093660429277
k__Bacteria|p__Firmicutes|c__Firmicutes_unclassified	0.15482149102438128	-0.0652	0.449	0.41100093660429277
k__Bacteria|p__Firmicutes|c__Firmicutes_unclassified|o__Firmicutes_unclassified	0.15482149102438128	-0.0652	0.449	0.41100093660429277
k__Bacteria|p__Firmicutes|c__Firmicutes_unclassified|o__Firmicutes_unclassified|f__Firmicutes_unclassified	0.15482149102438128	-0.0652	0.449	0.41100093660429277
k__Bacteria|p__Firmicutes|c__Firmicutes_unclassified|o__Firmicutes_unclassified|f__Firmicutes_unclassified|g__Firmicutes_unclassified	0.15482149102438128	-0.0652	0.449	0.41100093660429277
k__Bacteria|p__Proteobacteria|c__Gammaproteobacteria|o__Enterobacterales|f__Enterobacteriaceae|g__Klebsiella|s__Klebsiella_oxytoca	0.15317964376444665	-0.0177	-0.1483	0.41100093660429277
k__Bacteria|p__Actinobacteria|c__Actinobacteria|o__Micrococcales|f__Micrococcaceae	0.1562367003754067	0.0575	0.6822	0.4137656155875006
k__Bacteria|p__Firmicutes|c__Clostridia|o__Clostridiales|f__Clostridiales_Family_XIII_Incertae_Sedis|g__Mogibacterium	0.15774807219910092	-0.0315	0.2728	0.41677115972411627
k__Bacteria|p__Bacteroidetes|c__Bacteroidia|o__Bacteroidales|f__Bacteroidaceae|g__Bacteroides|s__Bacteroides_cellulosilyticus	0.1608602879565505	-0.0606	-0.3024	0.4232441881395895
k__Bacteria|p__Firmicutes|c__Clostridia|o__Clostridiales|f__Lachnospiraceae|g__Roseburia|s__Roseburia_sp_CAG_471	0.16096278519129825	0.0538	0.5384	0.4232441881395895
k__Bacteria|p__Firmicutes|c__Negativicutes|o__Veillonellales|f__Veillonellaceae|g__Veillonella	0.165187450527839	0.0486	0.5612	0.42967661104970506
k__Bacteria|p__Firmicutes|c__Negativicutes|o__Veillonellales|f__Veillonellaceae|g__Dialister	0.16633686111239565	0.0531	0.3113	0.42967661104970506
k__Bacteria|p__Firmicutes|c__Tissierellia|o__Tissierellales|f__Peptoniphilaceae|g__Anaerococcus|s__Anaerococcus_lactolyticus	0.16651424222251443	-0.0082	21.4249	0.42967661104970506
k__Bacteria|p__Actinobacteria|c__Actinobacteria|o__Corynebacteriales|f__Corynebacteriaceae|g__Corynebacterium|s__Corynebacterium_aurimucosum	0.16651424222251443	-0.0082	20.0869	0.42967661104970506
k__Bacteria|p__Firmicutes|c__Tissierellia|o__Tissierellales|f__Peptoniphilaceae|g__Peptoniphilus|s__Peptoniphilus_lacrimalis	0.16651424222251443	-0.0082	20.7659	0.42967661104970506
k__Bacteria|p__Firmicutes|c__Bacilli|o__Lactobacillales|f__Lactobacillaceae|g__Lactobacillus|s__Lactobacillus_brevis	0.16651424222251443	-0.0082	24.0584	0.42967661104970506
k__Bacteria|p__Actinobacteria|c__Actinobacteria|o__Actinomycetales|f__Actinomycetaceae|g__Actinomyces|s__Actinomyces_sp_oral_taxon_414	0.16651424222251443	-0.0082	15.8278	0.42967661104970506
k__Bacteria|p__Bacteroidetes|c__Bacteroidia|o__Bacteroidales|f__Prevotellaceae|g__Prevotella|s__Prevotella_sp_S7_1_8	0.16651424222251443	-0.0082	20.4642	0.42967661104970506
k__Bacteria|p__Actinobacteria|c__Actinobacteria|o__Micrococcales	0.16700838038178045	0.0561	0.6998	0.4299494815875139
k__Bacteria|p__Firmicutes|c__Bacilli|o__Lactobacillales|f__Lactobacillaceae|g__Lactobacillus|s__Lactobacillus_pentosus	0.1697684236685869	-0.0121	3.7063	0.43402689376703396
k__Bacteria|p__Firmicutes|c__Bacilli|o__Bacillales|f__Staphylococcaceae|g__Staphylococcus|s__Staphylococcus_aureus	0.1697684236685869	-0.0121	9.7315	0.43402689376703396
k__Bacteria|p__Firmicutes|c__Clostridia|o__Clostridiales|f__Lachnospiraceae|g__Dorea|s__Dorea_sp_D27	0.1691537598117736	-0.0121	10.0549	0.43402689376703396
k__Bacteria|p__Firmicutes|c__Clostridia|o__Clostridiales|f__Lachnospiraceae|g__Lachnoclostridium|s__Clostridium_symbiosum	0.17133745058777627	-0.0613	0.0495	0.43702893502458146
k__Bacteria|p__Firmicutes|c__Clostridia|o__Clostridiales|f__Clostridiales_unclassified|g__Clostridiales_unclassified|s__Clostridiales_bacterium_CHKCI006	0.17224383013435285	-0.012	2.9907	0.4383308504798359
k__Bacteria|p__Bacteroidetes|c__Bacteroidia|o__Bacteroidales|f__Prevotellaceae|g__Prevotella|s__Prevotella_timonensis	0.17375892710929186	-0.0235	3.7636	0.4411723218118947
k__Bacteria|p__Bacteroidetes|c__Bacteroidia|o__Bacteroidales|f__Prevotellaceae|g__Prevotella|s__Prevotella_sp_CAG_1031	0.17585681766114059	0.0163	-3.4122	0.4454771101850861
k__Bacteria|p__Bacteroidetes|c__Bacteroidia|o__Bacteroidales|f__Prevotellaceae|g__Paraprevotella	0.17940337360168468	0.0475	-0.3095	0.45342359492480583
k__Bacteria|p__Proteobacteria|c__Gammaproteobacteria|o__Enterobacterales|f__Enterobacteriaceae|g__Citrobacter|s__Citrobacter_youngae	0.18106773644519014	-0.0194	-2.4099	0.45545957936965065
k__Bacteria|p__Actinobacteria|c__Actinobacteria|o__Actinomycetales|f__Actinomycetaceae|g__Actinomyces|s__Actinomyces_sp_oral_taxon_181	0.18144324706595838	-0.0287	0.8703	0.45545957936965065
k__Bacteria|p__Firmicutes|c__Clostridia|o__Clostridiales|f__Clostridiales_Family_XIII_Incertae_Sedis	0.18073070700071692	-0.0323	1.5207	0.45545957936965065
k__Bacteria|p__Firmicutes|c__Negativicutes|o__Veillonellales|f__Veillonellaceae|g__Veillonella|s__Veillonella_seminalis	0.18493987981371507	0.0087	-1.7354	0.4554940645357019
k__Bacteria|p__Bacteroidetes|c__Bacteroidia|o__Bacteroidales|f__Prevotellaceae|g__Paraprevotella|s__Paraprevotella_xylaniphila	0.18669653515400375	0.0467	-0.2341	0.4554940645357019
k__Bacteria|p__Candidatus_Melainabacteria|c__Candidatus_Melainabacteria_unclassified|o__Candidatus_Gastranaerophilales|f__Candidatus_Gastranaerophilales_unclassified|g__Candidatus_Gastranaerophilales_unclassified|s__Candidatus_Gastranaerophilales_bacterium	0.18662437236673113	-0.014	2.649	0.4554940645357019
k__Bacteria|p__Candidatus_Melainabacteria	0.18662437236673113	-0.014	2.649	0.4554940645357019
k__Bacteria|p__Candidatus_Melainabacteria|c__Candidatus_Melainabacteria_unclassified|o__Candidatus_Gastranaerophilales	0.18662437236673113	-0.014	2.649	0.4554940645357019
k__Bacteria|p__Candidatus_Melainabacteria|c__Candidatus_Melainabacteria_unclassified|o__Candidatus_Gastranaerophilales|f__Candidatus_Gastranaerophilales_unclassified	0.18662437236673113	-0.014	2.649	0.4554940645357019
k__Bacteria|p__Firmicutes|c__Bacilli|o__Bacillales|f__Bacillales_unclassified|g__Gemella|s__Gemella_sanguinis	0.18680605718085697	0.0364	-0.5234	0.4554940645357019
k__Bacteria|p__Candidatus_Melainabacteria|c__Candidatus_Melainabacteria_unclassified|o__Candidatus_Gastranaerophilales|f__Candidatus_Gastranaerophilales_unclassified|g__Candidatus_Gastranaerophilales_unclassified	0.18662437236673113	-0.014	2.649	0.4554940645357019
k__Bacteria|p__Firmicutes|c__Clostridia|o__Clostridiales|f__Clostridiaceae|g__Clostridium|s__Clostridium_sp_CAG_411	0.18581912905773712	0.0087	0.0576	0.4554940645357019
k__Bacteria|p__Candidatus_Melainabacteria|c__Candidatus_Melainabacteria_unclassified	0.18662437236673113	-0.014	2.649	0.4554940645357019
k__Bacteria|p__Firmicutes|c__Clostridia|o__Clostridiales|f__Clostridiales_Family_XIII_Incertae_Sedis|g__Mogibacterium|s__Mogibacterium_diversum	0.18282319486866605	-0.0295	0.2744	0.4554940645357019
k__Bacteria|p__Firmicutes|c__Clostridia|o__Clostridiales|f__Lachnospiraceae|g__Lachnoclostridium|s__Clostridium_scindens	0.1838431606727996	-0.0523	0.1185	0.4554940645357019
k__Bacteria|p__Firmicutes|c__Clostridia|o__Clostridiales|f__Ruminococcaceae|g__Flavonifractor|s__Flavonifractor_sp_An100	0.18476084173079155	-0.0277	0.5835	0.4554940645357019
k__Bacteria|p__Actinobacteria|c__Coriobacteriia|o__Eggerthellales	0.18819823861327678	-0.0604	0.1314	0.45687598715986266
k__Bacteria|p__Actinobacteria|c__Coriobacteriia|o__Eggerthellales|f__Eggerthellaceae	0.18819823861327678	-0.0604	0.1314	0.45687598715986266
k__Bacteria|p__Actinobacteria|c__Actinobacteria|o__Actinomycetales|f__Actinomycetaceae|g__Actinobaculum	0.18947608233214874	-0.0175	0.9124	0.45897160424877165
k__Bacteria|p__Firmicutes|c__Negativicutes|o__Veillonellales|f__Veillonellaceae|g__Veillonella|s__Veillonella_sp_T11011_6	0.19309536538765404	-0.0157	2.2718	0.4667174006203778
k__Bacteria|p__Proteobacteria|c__Gammaproteobacteria|o__Enterobacterales|f__Enterobacteriaceae|g__Citrobacter|s__Citrobacter_amalonaticus	0.1944572529935119	-0.0137	-0.0688	0.4689851395725876
k__Bacteria|p__Firmicutes|c__Bacilli|o__Lactobacillales|f__Streptococcaceae|g__Streptococcus|s__Streptococcus_sp_HMSC071D03	0.2021593873289792	0.0065	-3.4981	0.48650096037647816
k__Bacteria|p__Bacteroidetes|c__Bacteroidia|o__Bacteroidales|f__Prevotellaceae|g__Prevotella	0.20438733327883274	0.055	-1.2763	0.48809618526688014
k__Bacteria|p__Firmicutes|c__Bacilli|o__Bacillales|f__Bacillaceae	0.20458593492667787	0.0065	-0.4616	0.48809618526688014
k__Bacteria|p__Firmicutes|c__Firmicutes_unclassified|o__Firmicutes_unclassified|f__Firmicutes_unclassified|g__Firmicutes_unclassified|s__Firmicutes_bacterium_CAG_555	0.2033700261218272	0.0065	-2.872	0.48809618526688014
k__Bacteria|p__Firmicutes|c__Bacilli|o__Bacillales|f__Bacillaceae|g__Bacillus	0.20458593492667787	0.0065	-0.4616	0.48809618526688014
k__Bacteria|p__Bacteroidetes|c__Bacteroidia|o__Bacteroidales|f__Bacteroidaceae|g__Bacteroides|s__Bacteroides_xylanisolvens	0.2051494606092027	-0.0557	-0.5062	0.488388070740618
k__Bacteria|p__Bacteroidetes|c__Bacteroidia|o__Bacteroidales|f__Bacteroidaceae|g__Bacteroides|s__Bacteroides_stercoris	0.21155256462036243	-0.0572	0.1294	0.5014747088538356
k__Bacteria|p__Firmicutes|c__Bacilli|o__Lactobacillales|f__Leuconostocaceae|g__Weissella	0.2115233767995578	-0.0192	-1.6342	0.5014747088538356
k__Bacteria|p__Bacteroidetes|c__Bacteroidia|o__Bacteroidales|f__Prevotellaceae|g__Prevotella|s__Prevotella_corporis	0.21906841341740668	-0.0229	0.5044	0.5181810548142504
k__Bacteria|p__Bacteroidetes|c__Bacteroidia|o__Bacteroidales|f__Bacteroidaceae|g__Bacteroides|s__Bacteroides_intestinalis	0.21962533268646778	-0.0436	0.7913	0.5183907106266947
k__Bacteria|p__Actinobacteria|c__Actinobacteria|o__Bifidobacteriales|f__Bifidobacteriaceae|g__Bifidobacterium|s__Bifidobacterium_moukalabense	0.23135202107780373	-0.0061	15.9859	0.5205420474250584
k__Bacteria|p__Firmicutes|c__Clostridia|o__Clostridiales|f__Clostridiaceae|g__Clostridium|s__Clostridium_sp_MSTE9	0.23135202107780373	-0.0061	22.1933	0.5205420474250584
k__Bacteria|p__Actinobacteria|c__Actinobacteria|o__Propionibacteriales|f__Propionibacteriaceae|g__Cutibacterium	0.23135202107780373	-0.0061	21.1637	0.5205420474250584
k__Bacteria|p__Proteobacteria|c__Gammaproteobacteria|o__Enterobacterales|f__Enterobacteriaceae|g__Leclercia|s__Leclercia_adecarboxylata	0.23135202107780373	-0.0061	22.4155	0.5205420474250584
k__Bacteria|p__Actinobacteria|c__Actinobacteria|o__Propionibacteriales|f__Propionibacteriaceae|g__Cutibacterium|s__Cutibacterium_avidum	0.23135202107780373	-0.0061	21.1637	0.5205420474250584
k__Bacteria|p__Firmicutes|c__Clostridia|o__Clostridiales|f__Hungateiclostridiaceae	0.23135202107780373	-0.0061	19.7431	0.5205420474250584
k__Bacteria|p__Firmicutes|c__Negativicutes|o__Acidaminococcales|f__Acidaminococcaceae|g__Acidaminococcus|s__Acidaminococcus_fermentans	0.23135202107780373	-0.0061	26.9201	0.5205420474250584
k__Bacteria|p__Firmicutes|c__Negativicutes|o__Veillonellales|f__Veillonellaceae|g__Megasphaera|s__Megasphaera_cerevisiae	0.23135202107780373	-0.0061	20.9734	0.5205420474250584
k__Bacteria|p__Bacteroidetes|c__Bacteroidia|o__Bacteroidales|f__Bacteroidaceae|g__Bacteroides|s__Bacteroides_fluxus	0.23135202107780373	-0.0061	26.7237	0.5205420474250584
k__Bacteria|p__Firmicutes|c__Clostridia|o__Clostridiales|f__Hungateiclostridiaceae|g__Mageeibacillus|s__Mageeibacillus_indolicus	0.23135202107780373	-0.0061	19.7431	0.5205420474250584
k__Bacteria|p__Actinobacteria|c__Actinobacteria|o__Bifidobacteriales|f__Bifidobacteriaceae|g__Bifidobacterium|s__Bifidobacterium_asteroides	0.23135202107780373	-0.0061	24.0619	0.5205420474250584
k__Bacteria|p__Firmicutes|c__Clostridia|o__Clostridiales|f__Hungateiclostridiaceae|g__Mageeibacillus	0.23135202107780373	-0.0061	19.7431	0.5205420474250584
k__Bacteria|p__Bacteroidetes|c__Bacteroidia|o__Bacteroidales|f__Prevotellaceae|g__Prevotella|s__Prevotella_sp_CAG_485	0.23135202107780373	-0.0061	24.221	0.5205420474250584
k__Bacteria|p__Actinobacteria|c__Actinobacteria|o__Micrococcales|f__Micrococcaceae|g__Kocuria	0.23135202107780373	-0.0061	22.3576	0.5205420474250584
k__Bacteria|p__Fusobacteria|c__Fusobacteriia|o__Fusobacteriales|f__Fusobacteriaceae|g__Fusobacterium|s__Fusobacterium_varium	0.22613916672418433	0.0112	1.822	0.5205420474250584
k__Bacteria|p__Proteobacteria|c__Deltaproteobacteria|o__Desulfovibrionales|f__Desulfovibrionaceae|g__Desulfovibrio|s__Desulfovibrio_sp_MES5	0.23135202107780373	-0.0061	18.9036	0.5205420474250584
k__Bacteria|p__Actinobacteria|c__Actinobacteria|o__Actinomycetales|f__Actinomycetaceae|g__Actinobaculum|s__Actinobaculum_massiliense	0.23135202107780373	-0.0061	18.3881	0.5205420474250584
k__Bacteria|p__Firmicutes|c__Bacilli|o__Lactobacillales|f__Leuconostocaceae|g__Leuconostoc|s__Leuconostoc_carnosum	0.23003454862233197	-0.01	1.8015	0.5205420474250584
k__Bacteria|p__Firmicutes|c__Bacilli|o__Lactobacillales|f__Lactobacillaceae|g__Lactobacillus|s__Lactobacillus_ultunensis	0.23135202107780373	-0.0061	18.0162	0.5205420474250584
k__Bacteria|p__Firmicutes|c__Bacilli|o__Lactobacillales|f__Enterococcaceae|g__Enterococcus|s__Enterococcus_cecorum	0.23135202107780373	-0.0061	22.1151	0.5205420474250584
k__Bacteria|p__Proteobacteria|c__Gammaproteobacteria|o__Enterobacterales|f__Enterobacteriaceae|g__Leclercia	0.23135202107780373	-0.0061	22.4155	0.5205420474250584
k__Bacteria|p__Bacteroidetes|c__Bacteroidia|o__Bacteroidales|f__Odoribacteraceae	0.22715968337676795	-0.0549	0.4669	0.5205420474250584
k__Bacteria|p__Firmicutes|c__Bacilli|o__Lactobacillales|f__Enterococcaceae|g__Enterococcus|s__Enterococcus_raffinosus	0.23003454862233197	-0.01	2.064	0.5205420474250584
k__Bacteria|p__Firmicutes|c__Erysipelotrichia|o__Erysipelotrichales|f__Erysipelotrichaceae|g__Erysipelothrix|s__Erysipelothrix_larvae	0.2337917407106005	-0.0139	5.6008	0.5239017347502728
k__Bacteria|p__Firmicutes|c__Erysipelotrichia|o__Erysipelotrichales|f__Erysipelotrichaceae|g__Erysipelothrix	0.2337917407106005	-0.0139	5.6008	0.5239017347502728
k__Bacteria|p__Firmicutes|c__Clostridia|o__Clostridiales|f__Ruminococcaceae|g__Anaeromassilibacillus|s__Anaeromassilibacillus_sp_An250	0.2394174224792457	-0.0471	0.4108	0.5354244175444949
k__Bacteria|p__Firmicutes|c__Bacilli|o__Lactobacillales|f__Streptococcaceae|g__Lactococcus	0.24062548178704324	-0.0456	-0.4888	0.5370411458432598
k__Bacteria|p__Proteobacteria|c__Betaproteobacteria|o__Burkholderiales|f__Sutterellaceae|g__Sutterella	0.24180543921321473	-0.0249	-0.0682	0.5375072715040737
k__Bacteria|p__Proteobacteria|c__Betaproteobacteria|o__Burkholderiales|f__Sutterellaceae|g__Sutterella|s__Sutterella_parvirubra	0.24180543921321473	-0.0249	-0.0682	0.5375072715040737
k__Bacteria|p__Actinobacteria|c__Coriobacteriia|o__Coriobacteriales|f__Atopobiaceae|g__Olsenella|s__Olsenella_uli	0.24372975376110406	-0.0118	-0.3254	0.5403108353928759
k__Bacteria|p__Bacteroidetes|c__Bacteroidia|o__Bacteroidales|f__Prevotellaceae|g__Prevotella|s__Prevotella_sp_CAG_891	0.24404283441412644	-0.0152	-1.1027	0.5403108353928759
k__Bacteria|p__Proteobacteria|c__Deltaproteobacteria|o__Desulfovibrionales|f__Desulfovibrionaceae|g__Desulfovibrio|s__Desulfovibrio_piger	0.2466137555157879	-0.0213	0.8558	0.5449130286546451
k__Bacteria|p__Firmicutes|c__Clostridia|o__Clostridiales|f__Lachnospiraceae|g__Lachnospira	0.249685104360589	0.0428	-0.0309	0.5473295257963802
k__Bacteria|p__Firmicutes|c__Clostridia|o__Clostridiales|f__Lachnospiraceae|g__Lachnospira|s__Lachnospira_pectinoschiza	0.249685104360589	0.0428	-0.0309	0.5473295257963802
k__Bacteria|p__Firmicutes|c__Clostridia|o__Clostridiales|f__Oscillospiraceae	0.2488329936941145	-0.0502	0.2918	0.5473295257963802
k__Bacteria|p__Firmicutes|c__Clostridia|o__Clostridiales|f__Oscillospiraceae|g__Oscillibacter	0.2488329936941145	-0.0502	0.2918	0.5473295257963802
k__Bacteria|p__Actinobacteria|c__Coriobacteriia|o__Coriobacteriales|f__Atopobiaceae|g__Olsenella|s__Olsenella_scatoligenes	0.25353983141428216	-0.0172	0.207	0.554681014576305
k__Bacteria|p__Firmicutes|c__Clostridia|o__Clostridiales|f__Eubacteriaceae|g__Eubacterium|s__Eubacterium_sp_CAG_251	0.254742097187039	0.0242	-0.244	0.5562120346864934
k__Bacteria|p__Firmicutes|c__Erysipelotrichia|o__Erysipelotrichales|f__Erysipelotrichaceae|g__Dielma	0.2577626611190401	-0.0356	-1.0706	0.5605958071881678
k__Bacteria|p__Firmicutes|c__Erysipelotrichia|o__Erysipelotrichales|f__Erysipelotrichaceae|g__Dielma|s__Dielma_fastidiosa	0.2577626611190401	-0.0356	-1.0706	0.5605958071881678
k__Bacteria|p__Bacteroidetes|c__Bacteroidia|o__Bacteroidales|f__Prevotellaceae|g__Paraprevotella|s__Paraprevotella_clara	0.2660716240859008	0.0244	-1.5057	0.5764017375011589
k__Bacteria|p__Bacteroidetes|c__Bacteroidia|o__Bacteroidales|f__Barnesiellaceae|g__Coprobacter|s__Coprobacter_fastidiosus	0.2659104674677838	0.0327	-0.6349	0.5764017375011589
k__Bacteria|p__Firmicutes|c__Erysipelotrichia|o__Erysipelotrichales|f__Erysipelotrichaceae|g__Holdemania	0.2713317342225401	-0.0467	0.4205	0.5855053212170601
k__Bacteria|p__Firmicutes|c__Erysipelotrichia|o__Erysipelotrichales|f__Erysipelotrichaceae|g__Holdemania|s__Holdemania_filiformis	0.2713317342225401	-0.0467	0.4205	0.5855053212170601
k__Bacteria|p__Firmicutes|c__Clostridia|o__Clostridiales|f__Lachnospiraceae|g__Roseburia|s__Roseburia_hominis	0.27319385901774296	0.0495	-0.4663	0.5883766574565009
k__Bacteria|p__Firmicutes|c__Clostridia|o__Clostridiales|f__Ruminococcaceae|g__Anaeromassilibacillus	0.2743126207424543	-0.0439	-0.0283	0.5884962619416607
k__Bacteria|p__Firmicutes|c__Negativicutes|o__Veillonellales|f__Veillonellaceae|g__Dialister|s__Dialister_sp_CAG_357	0.27426637511487817	-0.0223	0.6464	0.5884962619416607
k__Bacteria|p__Firmicutes|c__Clostridia|o__Clostridiales|f__Clostridiaceae|g__Clostridium|s__Clostridium_paraputrificum	0.27870388282600844	-0.0138	2.8839	0.5967605382754184
k__Bacteria|p__Actinobacteria|c__Actinobacteria|o__Propionibacteriales	0.28197633084479334	-0.0233	1.1061	0.6014408444030563
k__Bacteria|p__Actinobacteria|c__Actinobacteria|o__Propionibacteriales|f__Propionibacteriaceae	0.28197633084479334	-0.0233	1.1061	0.6014408444030563
k__Bacteria|p__Proteobacteria|c__Gammaproteobacteria|o__Enterobacterales|f__Yersiniaceae	0.3291243452752184	-0.0041	20.2192	0.6032129970524284
k__Bacteria|p__Proteobacteria|c__Gammaproteobacteria|o__Enterobacterales|f__Morganellaceae|g__Proteus|s__Proteus_hauseri	0.3291243452752184	-0.0041	19.0431	0.6032129970524284
k__Bacteria|p__Actinobacteria|c__Actinobacteria|o__Corynebacteriales|f__Corynebacteriaceae|g__Corynebacterium|s__Corynebacterium_jeikeium	0.3291243452752184	-0.0041	16.2083	0.6032129970524284
k__Bacteria|p__Proteobacteria|c__Epsilonproteobacteria|o__Campylobacterales|f__Campylobacteraceae|g__Campylobacter|s__Campylobacter_upsaliensis	0.3291243452752184	-0.0041	20.6935	0.6032129970524284
k__Bacteria|p__Proteobacteria|c__Epsilonproteobacteria|o__Campylobacterales|f__Campylobacteraceae|g__Campylobacter|s__Campylobacter_curvus	0.3291243452752184	-0.0041	19.498	0.6032129970524284
k__Bacteria|p__Bacteroidetes|c__Bacteroidia|o__Bacteroidales|f__Bacteroidaceae|g__Bacteroides|s__Bacteroides_coprophilus	0.313984322579684	-0.0098	-0.3341	0.6032129970524284
k__Bacteria|p__Firmicutes|c__Erysipelotrichia|o__Erysipelotrichales|f__Erysipelotrichaceae|g__Holdemanella	0.2953643736390157	0.027	-1.2003	0.6032129970524284
k__Bacteria|p__Proteobacteria|c__Gammaproteobacteria|o__Enterobacterales|f__Enterobacteriaceae|g__Enterobacter|s__Enterobacter_bugandensis	0.3291243452752184	-0.0041	19.4654	0.6032129970524284
k__Bacteria|p__Firmicutes|c__Clostridia|o__Clostridiales|f__Lachnospiraceae|g__Faecalicatena	0.2903208236080822	-0.0168	5.0964	0.6032129970524284
k__Bacteria|p__Bacteroidetes|c__Bacteroidia|o__Bacteroidales|f__Prevotellaceae|g__Prevotella|s__Prevotella_bergensis	0.3291243452752184	-0.0041	19.8281	0.6032129970524284
k__Bacteria|p__Proteobacteria|c__Gammaproteobacteria|o__Enterobacterales|f__Enterobacteriaceae|g__Escherichia|s__Escherichia_fergusonii	0.3291243452752184	-0.0041	26.1866	0.6032129970524284
k__Bacteria|p__Proteobacteria|c__Gammaproteobacteria|o__Enterobacterales|f__Enterobacteriaceae|g__Klebsiella|s__Klebsiella_aerogenes	0.30545557554770275	-0.0116	1.2448	0.6032129970524284
k__Bacteria|p__Bacteroidetes|c__Bacteroidia|o__Bacteroidales|f__Odoribacteraceae|g__Butyricimonas|s__Butyricimonas_synergistica	0.3014511584318862	-0.0382	0.1766	0.6032129970524284
k__Bacteria|p__Firmicutes|c__Clostridia|o__Clostridiales|f__Lachnospiraceae|g__Cellulosilyticum|s__Cellulosilyticum_lentocellum	0.3291243452752184	-0.0041	19.4107	0.6032129970524284
k__Bacteria|p__Firmicutes|c__Clostridia|o__Clostridiales|f__Lachnospiraceae|g__Cellulosilyticum	0.3291243452752184	-0.0041	19.4107	0.6032129970524284
k__Bacteria|p__Firmicutes|c__Clostridia|o__Clostridiales|f__Lachnospiraceae|g__Lachnoclostridium|s__Lachnoclostridium_sp_An76	0.3291243452752184	-0.0041	21.1857	0.6032129970524284
k__Bacteria|p__Firmicutes|c__Clostridia|o__Clostridiales|f__Lachnospiraceae|g__Butyrivibrio|s__Butyrivibrio_sp_CAG_318	0.31484693231457894	-0.0098	1.7962	0.6032129970524284
k__Bacteria|p__Firmicutes|c__Erysipelotrichia|o__Erysipelotrichales|f__Erysipelotrichaceae|g__Holdemanella|s__Holdemanella_biformis	0.2953643736390157	0.027	-1.2003	0.6032129970524284
k__Bacteria|p__Proteobacteria|c__Gammaproteobacteria|o__Enterobacterales|f__Enterobacteriaceae|g__Kluyvera|s__Kluyvera_cryocrescens	0.3291243452752184	-0.0041	22.4062	0.6032129970524284
k__Bacteria|p__Firmicutes|c__Clostridia|o__Clostridiales|f__Ruminococcaceae|g__Gemmiger|s__Gemmiger_sp_An50	0.3291243452752184	-0.0041	17.6688	0.6032129970524284
k__Bacteria|p__Firmicutes|c__Clostridia|o__Clostridiales|f__Ruminococcaceae|g__Gemmiger|s__Gemmiger_sp_An194	0.3291243452752184	-0.0041	23.5545	0.6032129970524284
k__Bacteria|p__Firmicutes|c__Clostridia|o__Clostridiales|f__Lachnospiraceae|g__Robinsoniella	0.3093381051177828	-0.0079	-2.1898	0.6032129970524284
k__Bacteria|p__Firmicutes|c__Erysipelotrichia|o__Erysipelotrichales|f__Erysipelotrichaceae|g__Erysipelatoclostridium|s__Clostridium_spiroforme	0.3083794700819059	-0.0291	-0.0096	0.6032129970524284
k__Bacteria|p__Bacteroidetes|c__Bacteroidia|o__Bacteroidales|f__Barnesiellaceae|g__Coprobacter|s__Coprobacter_sp	0.30806775743253234	0.0213	0.1616	0.6032129970524284
k__Bacteria|p__Firmicutes|c__Clostridia|o__Clostridiales|f__Ruminococcaceae|g__Flavonifractor|s__Flavonifractor_plautii	0.31681705746293753	0.046	-0.2022	0.6032129970524284
k__Bacteria|p__Proteobacteria|c__Deltaproteobacteria|o__Desulfovibrionales|f__Desulfovibrionaceae|g__Desulfovibrio|s__Desulfovibrio_legallii	0.3291243452752184	-0.0041	23.1774	0.6032129970524284
k__Bacteria|p__Actinobacteria|c__Actinobacteria|o__Bifidobacteriales|f__Bifidobacteriaceae|g__Bifidobacterium|s__Bifidobacterium_kashiwanohense	0.3291243452752184	-0.0041	22.0564	0.6032129970524284
k__Bacteria|p__Firmicutes|c__Clostridia|o__Clostridiales|f__Eubacteriaceae|g__Eubacterium|s__Eubacterium_maltosivorans	0.3291243452752184	-0.0041	20.882	0.6032129970524284
k__Bacteria|p__Bacteroidetes|c__Bacteroidia|o__Bacteroidales|f__Bacteroidaceae|g__Bacteroides|s__Bacteroides_sp_43_108	0.3291243452752184	-0.0041	23.7461	0.6032129970524284
k__Bacteria|p__Actinobacteria|c__Actinobacteria|o__Corynebacteriales|f__Corynebacteriaceae|g__Corynebacterium|s__Corynebacterium_pyruviciproducens	0.3291243452752184	-0.0041	16.9653	0.6032129970524284
k__Bacteria|p__Firmicutes|c__Clostridia|o__Clostridiales|f__Lachnospiraceae|g__Robinsoniella|s__Robinsoniella_sp_RHS	0.3093381051177828	-0.0079	-2.1898	0.6032129970524284
k__Bacteria|p__Proteobacteria|c__Gammaproteobacteria|o__Enterobacterales|f__Yersiniaceae|g__Serratia	0.3291243452752184	-0.0041	20.2192	0.6032129970524284
k__Bacteria|p__Proteobacteria|c__Gammaproteobacteria|o__Enterobacterales|f__Yersiniaceae|g__Serratia|s__Serratia_marcescens	0.3291243452752184	-0.0041	16.1768	0.6032129970524284
k__Bacteria|p__Firmicutes|c__Bacilli|o__Lactobacillales|f__Leuconostocaceae	0.28689735246353354	-0.0257	-1.1678	0.6032129970524284
k__Bacteria|p__Firmicutes|c__Bacilli|o__Lactobacillales|f__Leuconostocaceae|g__Leuconostoc|s__Leuconostoc_garlicum	0.3291243452752184	-0.0041	15.8177	0.6032129970524284
k__Bacteria|p__Firmicutes|c__Bacilli|o__Lactobacillales|f__Leuconostocaceae|g__Leuconostoc|s__Leuconostoc_pseudomesenteroides	0.3291243452752184	-0.0041	20.0618	0.6032129970524284
k__Bacteria|p__Firmicutes|c__Bacilli|o__Lactobacillales|f__Streptococcaceae|g__Lactococcus|s__Lactococcus_lactis	0.29814356127987796	-0.0403	-0.5183	0.6032129970524284
k__Bacteria|p__Firmicutes|c__Bacilli|o__Lactobacillales|f__Streptococcaceae|g__Lactococcus|s__Lactococcus_petauri	0.3291243452752184	-0.0041	20.033	0.6032129970524284
k__Bacteria|p__Actinobacteria|c__Actinobacteria|o__Propionibacteriales|f__Propionibacteriaceae|g__Acidipropionibacterium	0.3291243452752184	-0.0041	22.0629	0.6032129970524284
k__Bacteria|p__Firmicutes|c__Bacilli|o__Lactobacillales|f__Streptococcaceae|g__Streptococcus|s__Streptococcus_agalactiae	0.3093381051177828	-0.0079	-0.0048	0.6032129970524284
k__Bacteria|p__Firmicutes|c__Bacilli|o__Lactobacillales|f__Lactobacillaceae|g__Sharpea|s__Sharpea_azabuensis	0.3291243452752184	-0.0041	16.6503	0.6032129970524284
k__Bacteria|p__Firmicutes|c__Bacilli|o__Bacillales|f__Staphylococcaceae|g__Macrococcus|s__Macrococcus_caseolyticus	0.3291243452752184	-0.0041	14.3024	0.6032129970524284
k__Bacteria|p__Actinobacteria|c__Actinobacteria|o__Propionibacteriales|f__Propionibacteriaceae|g__Acidipropionibacterium|s__Acidipropionibacterium_acidipropionici	0.3291243452752184	-0.0041	22.0629	0.6032129970524284
k__Bacteria|p__Firmicutes|c__Bacilli|o__Bacillales|f__Staphylococcaceae	0.296817227194376	-0.0118	7.0736	0.6032129970524284
k__Bacteria|p__Actinobacteria|c__Actinobacteria|o__Micrococcales|f__Brevibacteriaceae|g__Brevibacterium	0.3291243452752184	-0.0041	21.9136	0.6032129970524284
k__Bacteria|p__Firmicutes|c__Bacilli|o__Bacillales|f__Listeriaceae|g__Brochothrix|s__Brochothrix_thermosphacta	0.3291243452752184	-0.0041	18.6228	0.6032129970524284
k__Bacteria|p__Firmicutes|c__Bacilli|o__Bacillales|f__Listeriaceae|g__Brochothrix	0.3291243452752184	-0.0041	18.6228	0.6032129970524284
k__Bacteria|p__Firmicutes|c__Bacilli|o__Lactobacillales|f__Streptococcaceae|g__Streptococcus|s__Streptococcus_macedonicus	0.3291243452752184	-0.0041	18.5193	0.6032129970524284
k__Bacteria|p__Firmicutes|c__Bacilli|o__Bacillales|f__Listeriaceae	0.3291243452752184	-0.0041	18.6228	0.6032129970524284
k__Bacteria|p__Firmicutes|c__Bacilli|o__Bacillales|f__Staphylococcaceae|g__Macrococcus	0.3291243452752184	-0.0041	14.3024	0.6032129970524284
k__Bacteria|p__Firmicutes|c__Bacilli|o__Lactobacillales|f__Lactobacillaceae|g__Sharpea	0.3291243452752184	-0.0041	16.6503	0.6032129970524284
k__Bacteria|p__Firmicutes|c__Bacilli|o__Lactobacillales|f__Lactobacillaceae|g__Pediococcus|s__Pediococcus_pentosaceus	0.3291243452752184	-0.0041	16.6301	0.6032129970524284
k__Bacteria|p__Actinobacteria|c__Actinobacteria|o__Actinomycetales|f__Actinomycetaceae|g__Actinobaculum|s__Actinobaculum_sp_oral_taxon_183	0.28949744002244737	-0.0135	0.7364	0.6032129970524284
k__Bacteria|p__Firmicutes|c__Bacilli|o__Lactobacillales|f__Enterococcaceae|g__Enterococcus|s__Enterococcus_sp_3H8_DIV0648	0.3291243452752184	-0.0041	20.6239	0.6032129970524284
k__Bacteria|p__Firmicutes|c__Bacilli|o__Lactobacillales|f__Enterococcaceae|g__Enterococcus|s__Enterococcus_thailandicus	0.3291243452752184	-0.0041	22.1093	0.6032129970524284
k__Bacteria|p__Firmicutes|c__Bacilli|o__Lactobacillales|f__Enterococcaceae|g__Enterococcus|s__Enterococcus_hirae	0.3291243452752184	-0.0041	19.0599	0.6032129970524284
k__Bacteria|p__Firmicutes|c__Bacilli|o__Lactobacillales|f__Lactobacillaceae|g__Lactobacillus|s__Lactobacillus_acidipiscis	0.3291243452752184	-0.0041	23.3353	0.6032129970524284
k__Bacteria|p__Fusobacteria|c__Fusobacteriia|o__Fusobacteriales|f__Fusobacteriaceae|g__Fusobacterium	0.328022614381815	0.0186	-0.703	0.6032129970524284
k__Bacteria|p__Fusobacteria|c__Fusobacteriia|o__Fusobacteriales|f__Fusobacteriaceae|g__Cetobacterium|s__Cetobacterium_somerae	0.3291243452752184	-0.0041	21.9887	0.6032129970524284
k__Bacteria|p__Firmicutes|c__Bacilli|o__Lactobacillales|f__Enterococcaceae|g__Bavariicoccus|s__Bavariicoccus_seileri	0.3291243452752184	-0.0041	22.0156	0.6032129970524284
k__Bacteria|p__Fusobacteria|c__Fusobacteriia|o__Fusobacteriales|f__Fusobacteriaceae|g__Cetobacterium	0.3291243452752184	-0.0041	21.9887	0.6032129970524284
k__Bacteria|p__Firmicutes|c__Bacilli|o__Lactobacillales|f__Enterococcaceae|g__Bavariicoccus	0.3291243452752184	-0.0041	22.0156	0.6032129970524284
k__Bacteria|p__Firmicutes|c__Bacilli|o__Lactobacillales|f__Lactobacillaceae|g__Lactobacillus|s__Lactobacillus_gastricus	0.3291243452752184	-0.0041	19.2156	0.6032129970524284
k__Bacteria|p__Firmicutes|c__Bacilli|o__Lactobacillales|f__Lactobacillaceae|g__Lactobacillus|s__Lactobacillus_kullabergensis	0.3291243452752184	-0.0041	18.8922	0.6032129970524284
k__Bacteria|p__Firmicutes|c__Bacilli|o__Lactobacillales|f__Lactobacillaceae|g__Lactobacillus|s__Lactobacillus_nasuensis	0.3291243452752184	-0.0041	23.1641	0.6032129970524284
k__Bacteria|p__Firmicutes|c__Tissierellia|o__Tissierellales|f__Peptoniphilaceae|g__Anaerococcus|s__Anaerococcus_octavius	0.3291243452752184	-0.0041	25.2345	0.6032129970524284
k__Bacteria|p__Firmicutes|c__Bacilli|o__Lactobacillales|f__Lactobacillaceae|g__Lactobacillus|s__Lactobacillus_rapi	0.3291243452752184	-0.0041	24.3362	0.6032129970524284
k__Bacteria|p__Actinobacteria|c__Actinobacteria|o__Micrococcales|f__Micrococcaceae|g__Kocuria|s__Kocuria_kristinae	0.3291243452752184	-0.0041	22.351	0.6032129970524284
k__Bacteria|p__Firmicutes|c__Bacilli|o__Lactobacillales|f__Lactobacillaceae|g__Lactobacillus|s__Lactobacillus_sanfranciscensis	0.3291243452752184	-0.0041	18.8964	0.6032129970524284
k__Bacteria|p__Firmicutes|c__Bacilli|o__Lactobacillales|f__Aerococcaceae	0.3291243452752184	-0.0041	26.293	0.6032129970524284
k__Bacteria|p__Actinobacteria|c__Actinobacteria|o__Micrococcales|f__Brevibacteriaceae	0.3291243452752184	-0.0041	21.9136	0.6032129970524284
k__Bacteria|p__Firmicutes|c__Negativicutes|o__Veillonellales|f__Veillonellaceae|g__Allisonella|s__Allisonella_histaminiformans	0.3016008466877198	-0.0181	-0.327	0.6032129970524284
k__Bacteria|p__Actinobacteria|c__Actinobacteria|o__Corynebacteriales|f__Corynebacteriaceae|g__Corynebacterium|s__Corynebacterium_kroppenstedtii	0.3291243452752184	-0.0041	22.7774	0.6032129970524284
k__Bacteria|p__Firmicutes|c__Negativicutes|o__Veillonellales|f__Veillonellaceae	0.32632930730685106	-0.0437	0.6561	0.6032129970524284
k__Bacteria|p__Firmicutes|c__Firmicutes_unclassified|o__Firmicutes_unclassified|f__Firmicutes_unclassified|g__Firmicutes_unclassified|s__Firmicutes_bacterium_CAG_238	0.30509022193800406	-0.008	2.8547	0.6032129970524284
k__Bacteria|p__Firmicutes|c__Clostridia|o__Clostridiales|f__Clostridiales_Family_XIII_Incertae_Sedis|g__Clostridiales_Family_XIII_Incertae_Sedis_unclassified|s__Eubacterium_infirmum	0.3291243452752184	-0.0041	21.1501	0.6032129970524284
k__Bacteria|p__Firmicutes|c__Clostridia|o__Clostridiales|f__Clostridiaceae|g__Lactonifactor|s__Lactonifactor_longoviformis	0.32012077724512045	-0.028	-0.2147	0.6032129970524284
k__Bacteria|p__Firmicutes|c__Clostridia|o__Clostridiales|f__Clostridiaceae|g__Lactonifactor	0.32012077724512045	-0.028	-0.2147	0.6032129970524284
k__Bacteria|p__Actinobacteria|c__Actinobacteria|o__Actinomycetales|f__Actinomycetaceae|g__Trueperella|s__Trueperella_bernardiae	0.3291243452752184	-0.0041	21.9903	0.6032129970524284
k__Bacteria|p__Actinobacteria|c__Actinobacteria|o__Actinomycetales|f__Actinomycetaceae|g__Trueperella	0.3291243452752184	-0.0041	21.9903	0.6032129970524284
k__Bacteria|p__Firmicutes|c__Negativicutes|o__Veillonellales|f__Veillonellaceae|g__Allisonella	0.3016008466877198	-0.0181	-0.327	0.6032129970524284
k__Bacteria|p__Actinobacteria|c__Actinobacteria|o__Propionibacteriales|f__Propionibacteriaceae|g__Pseudopropionibacterium	0.3291243452752184	-0.0041	15.5059	0.6032129970524284
k__Bacteria|p__Actinobacteria|c__Actinobacteria|o__Actinomycetales|f__Actinomycetaceae|g__Actinomyces|s__Actinomyces_sp_oral_taxon_897	0.3291243452752184	-0.0041	18.0073	0.6032129970524284
k__Bacteria|p__Actinobacteria|c__Actinobacteria|o__Propionibacteriales|f__Propionibacteriaceae|g__Pseudopropionibacterium|s__Pseudopropionibacterium_propionicum	0.3291243452752184	-0.0041	15.5059	0.6032129970524284
k__Bacteria|p__Firmicutes|c__Negativicutes|o__Veillonellales	0.32632930730685106	-0.0437	0.6561	0.6032129970524284
k__Bacteria|p__Firmicutes|c__Clostridia|o__Clostridiales|f__Lachnospiraceae|g__Lachnoclostridium|s__Clostridium_asparagiforme	0.33101046388785005	-0.0382	0.2244	0.6056670802047107
k__Bacteria|p__Firmicutes|c__Clostridia|o__Clostridiales|f__Ruminococcaceae|g__Flavonifractor|s__Flavonifractor_sp_An10	0.41191895004823165	-0.0132	2.876	0.62168033533549
k__Bacteria|p__Firmicutes|c__Tissierellia|o__Tissierellia_unclassified	0.4913914123022166	-0.002	20.608	0.62168033533549
k__Bacteria|p__Actinobacteria|c__Actinobacteria|o__Micrococcales|f__Microbacteriaceae	0.4913914123022166	-0.002	13.6955	0.62168033533549
k__Bacteria|p__Firmicutes|c__Tissierellia|o__Tissierellales|f__Peptoniphilaceae|g__Peptoniphilus|s__Peptoniphilus_sp_BV3C26	0.4913914123022166	-0.002	17.3114	0.62168033533549
k__Bacteria|p__Firmicutes|c__Negativicutes|o__Veillonellales|f__Veillonellaceae|g__Dialister|s__Dialister_succinatiphilus	0.4913914123022166	-0.002	24.4643	0.62168033533549
k__Bacteria|p__Firmicutes|c__Tissierellia|o__Tissierellales|f__Peptoniphilaceae|g__Peptoniphilus|s__Peptoniphilus_duerdenii	0.4913914123022166	-0.002	16.4009	0.62168033533549
k__Bacteria|p__Fusobacteria|c__Fusobacteriia|o__Fusobacteriales|f__Leptotrichiaceae|g__Sneathia|s__Sneathia_amnii	0.4913914123022166	-0.002	17.0328	0.62168033533549
k__Bacteria|p__Actinobacteria|c__Actinobacteria|o__Micrococcales|f__Microbacteriaceae|g__Plantibacter	0.4913914123022166	-0.002	13.6955	0.62168033533549
k__Bacteria|p__Actinobacteria|c__Actinobacteria|o__Corynebacteriales|f__Corynebacteriaceae|g__Corynebacterium|s__Corynebacterium_sp_HMSC08A12	0.4913914123022166	-0.002	19.2242	0.62168033533549
k__Bacteria|p__Actinobacteria|c__Actinobacteria|o__Corynebacteriales|f__Corynebacteriaceae|g__Corynebacterium|s__Corynebacterium_pseudogenitalium	0.4913914123022166	-0.002	19.6821	0.62168033533549
k__Bacteria|p__Firmicutes|c__Negativicutes|o__Selenomonadales|f__Selenomonadaceae|g__Megamonas|s__Megamonas_hypermegale	0.4483821220829064	0.0099	-0.9119	0.62168033533549
k__Bacteria|p__Firmicutes|c__Clostridia|o__Clostridiales|f__Ruminococcaceae|g__Gemmiger|s__Gemmiger_sp_An120	0.41069168060598993	-0.0059	3.8477	0.62168033533549
k__Bacteria|p__Firmicutes|c__Tissierellia|o__Tissierellales|f__Peptoniphilaceae|g__Parvimonas|s__Parvimonas_sp_oral_taxon_110	0.4913914123022166	-0.002	16.2005	0.62168033533549
k__Bacteria|p__Firmicutes|c__Tissierellia|o__Tissierellales|f__Peptoniphilaceae|g__Parvimonas|s__Parvimonas_sp_KA00067	0.4913914123022166	-0.002	14.1325	0.62168033533549
k__Bacteria|p__Actinobacteria|c__Actinobacteria|o__Corynebacteriales|f__Corynebacteriaceae|g__Corynebacterium|s__Corynebacterium_tuscaniense	0.4913914123022166	-0.002	20.6435	0.62168033533549
k__Bacteria|p__Firmicutes|c__Tissierellia|o__Tissierellales|f__Peptoniphilaceae|g__Parvimonas	0.41069168060598993	-0.0059	4.5205	0.62168033533549
k__Bacteria|p__Actinobacteria|c__Actinobacteria|o__Micrococcales|f__Microbacteriaceae|g__Plantibacter|s__Plantibacter_flavus	0.4913914123022166	-0.002	13.6955	0.62168033533549
k__Bacteria|p__Bacteroidetes|c__Bacteroidia|o__Bacteroidales|f__Bacteroidaceae|g__Bacteroides|s__Bacteroides_oleiciplenus	0.4913914123022166	-0.002	18.1768	0.62168033533549
k__Bacteria|p__Actinobacteria|c__Actinobacteria|o__Corynebacteriales|f__Corynebacteriaceae|g__Corynebacterium|s__Corynebacterium_riegelii	0.4913914123022166	-0.002	24.8018	0.62168033533549
k__Bacteria|p__Proteobacteria|c__Betaproteobacteria|o__Burkholderiales|f__Alcaligenaceae|g__Kerstersia|s__Kerstersia_gyiorum	0.4913914123022166	-0.002	14.2277	0.62168033533549
k__Bacteria|p__Firmicutes|c__Tissierellia|o__Tissierellales|f__Peptoniphilaceae|g__Anaerococcus|s__Anaerococcus_nagyae	0.4913914123022166	-0.002	21.4488	0.62168033533549
k__Bacteria|p__Firmicutes|c__Tissierellia|o__Tissierellia_unclassified|f__Tissierellia_unclassified	0.4913914123022166	-0.002	20.608	0.62168033533549
k__Bacteria|p__Firmicutes|c__Tissierellia|o__Tissierellia_unclassified|f__Tissierellia_unclassified|g__Tissierellia_unclassified	0.4913914123022166	-0.002	20.608	0.62168033533549
k__Bacteria|p__Firmicutes|c__Tissierellia|o__Tissierellia_unclassified|f__Tissierellia_unclassified|g__Tissierellia_unclassified|s__Bacteroides_coagulans	0.4913914123022166	-0.002	20.608	0.62168033533549
k__Bacteria|p__Firmicutes|c__Clostridia|o__Clostridiales|f__Ruminococcaceae|g__Flavonifractor	0.3649387983909216	0.0416	-0.1919	0.62168033533549
k__Bacteria|p__Fusobacteria|c__Fusobacteriia|o__Fusobacteriales|f__Fusobacteriaceae|g__Fusobacterium|s__Fusobacterium_nucleatum	0.4148330182022387	-0.0059	-3.0243	0.62168033533549
k__Bacteria|p__Firmicutes|c__Clostridia|o__Clostridiales|f__Peptostreptococcaceae|g__Romboutsia|s__Romboutsia_hominis	0.4913914123022166	-0.002	15.2122	0.62168033533549
k__Bacteria|p__Bacteroidetes|c__Bacteroidia|o__Bacteroidales|f__Bacteroidaceae|g__Bacteroides|s__Bacteroides_sp_OM08_11	0.4913914123022166	-0.002	24.1239	0.62168033533549
k__Bacteria|p__Fusobacteria|c__Fusobacteriia|o__Fusobacteriales|f__Leptotrichiaceae	0.4913914123022166	-0.002	17.0328	0.62168033533549
k__Bacteria|p__Bacteroidetes|c__Bacteroidia|o__Bacteroidales|f__Bacteroidaceae|g__Bacteroides|s__Bacteroides_sp_CAG_661	0.4913914123022166	-0.002	12.9211	0.62168033533549
k__Bacteria|p__Firmicutes|c__Negativicutes|o__Veillonellales|f__Veillonellaceae|g__Anaeroglobus	0.48214924105545065	-0.0074	-0.9147	0.62168033533549
k__Bacteria|p__Bacteroidetes|c__Bacteroidia|o__Bacteroidales|f__Bacteroidaceae|g__Bacteroides|s__Bacteroides_sp_CAG_598	0.4913914123022166	-0.002	24.5835	0.62168033533549
k__Bacteria|p__Proteobacteria|c__Epsilonproteobacteria|o__Campylobacterales|f__Campylobacteraceae|g__Campylobacter|s__Campylobacter_coli	0.4913914123022166	-0.002	19.8357	0.62168033533549
k__Bacteria|p__Bacteroidetes|c__Bacteroidia|o__Bacteroidales|f__Bacteroidaceae|g__Bacteroides|s__Bacteroides_sp_CAG_443	0.4913914123022166	-0.002	17.6603	0.62168033533549
k__Bacteria|p__Actinobacteria|c__Actinobacteria|o__Corynebacteriales|f__Corynebacteriaceae|g__Corynebacterium|s__Corynebacterium_sp_HMSC078H07	0.4913914123022166	-0.002	17.9916	0.62168033533549
k__Bacteria|p__Proteobacteria|c__Deltaproteobacteria|o__Desulfovibrionales|f__Desulfovibrionaceae|g__Desulfovibrionaceae_unclassified|s__Desulfovibrionaceae_bacterium	0.42408753243390207	-0.0114	1.3831	0.62168033533549
k__Bacteria|p__Actinobacteria|c__Coriobacteriia|o__Coriobacteriales|f__Coriobacteriaceae|g__Collinsella|s__Collinsella_intestinalis	0.34465499180552905	-0.0411	0.0223	0.62168033533549
k__Bacteria|p__Proteobacteria|c__Deltaproteobacteria|o__Desulfovibrionales|f__Desulfovibrionaceae|g__Desulfovibrionaceae_unclassified	0.42408753243390207	-0.0114	1.3831	0.62168033533549
k__Bacteria|p__Firmicutes|c__Firmicutes_unclassified|o__Firmicutes_unclassified|f__Firmicutes_unclassified|g__Firmicutes_unclassified|s__Firmicutes_bacterium_CAG_110	0.38461535291015647	-0.0251	0.7926	0.62168033533549
k__Bacteria|p__Fusobacteria|c__Fusobacteriia|o__Fusobacteriales|f__Leptotrichiaceae|g__Sneathia	0.4913914123022166	-0.002	17.0328	0.62168033533549
k__Bacteria|p__Firmicutes|c__Negativicutes|o__Veillonellales|f__Veillonellaceae|g__Anaeroglobus|s__Anaeroglobus_geminatus	0.48214924105545065	-0.0074	-0.9147	0.62168033533549
k__Bacteria|p__Firmicutes|c__Clostridia|o__Clostridiales|f__Ruminococcaceae|g__Anaeromassilibacillus|s__Anaeromassilibacillus_sp_An172	0.44781027541026097	0.0045	-1.9712	0.62168033533549
k__Bacteria|p__Firmicutes|c__Firmicutes_unclassified|o__Firmicutes_unclassified|f__Firmicutes_unclassified|g__Firmicutes_unclassified|s__Firmicutes_bacterium_CAG_534	0.4913914123022166	-0.002	21.9632	0.62168033533549
k__Bacteria|p__Proteobacteria|c__Betaproteobacteria|o__Burkholderiales|f__Oxalobacteraceae|g__Oxalobacter	0.4020439346463288	-0.0214	0.1834	0.62168033533549
k__Bacteria|p__Firmicutes|c__Negativicutes|o__Veillonellales|f__Veillonellaceae|g__Dialister|s__Dialister_micraerophilus	0.4913914123022166	-0.002	20.337	0.62168033533549
k__Bacteria|p__Proteobacteria|c__Betaproteobacteria|o__Burkholderiales|f__Oxalobacteraceae|g__Oxalobacter|s__Oxalobacter_formigenes	0.4020439346463288	-0.0214	0.1834	0.62168033533549
k__Bacteria|p__Fusobacteria|c__Fusobacteriia|o__Fusobacteriales|f__Fusobacteriaceae	0.45303316481347067	0.0146	-0.6179	0.62168033533549
k__Bacteria|p__Proteobacteria|c__Deltaproteobacteria|o__Desulfovibrionales|f__Desulfovibrionaceae|g__Desulfovibrio|s__Desulfovibrio_fairfieldensis	0.3997397708242465	-0.0149	1.8957	0.62168033533549
k__Bacteria|p__Proteobacteria|c__Betaproteobacteria|o__Burkholderiales|f__Comamonadaceae	0.40794448300860997	-0.006	7.8127	0.62168033533549
k__Bacteria|p__Firmicutes|c__Tissierellia|o__Tissierellales|f__Peptoniphilaceae|g__Anaerococcus|s__Anaerococcus_hydrogenalis	0.4913914123022166	-0.002	21.2667	0.62168033533549
k__Bacteria|p__Actinobacteria|c__Actinobacteria|o__Corynebacteriales|f__Corynebacteriaceae|g__Corynebacterium|s__Corynebacterium_simulans	0.4913914123022166	-0.002	19.7919	0.62168033533549
k__Bacteria|p__Actinobacteria|c__Actinobacteria|o__Corynebacteriales|f__Corynebacteriaceae|g__Corynebacterium|s__Corynebacterium_urealyticum	0.4913914123022166	-0.002	24.4544	0.62168033533549
k__Bacteria|p__Firmicutes|c__Negativicutes|o__Acidaminococcales|f__Acidaminococcaceae|g__Phascolarctobacterium|s__Phascolarctobacterium_faecium	0.4524561343947924	-0.0329	0.0293	0.62168033533549
k__Bacteria|p__Proteobacteria|c__Betaproteobacteria|o__Neisseriales|f__Neisseriaceae|g__Neisseria|s__Neisseria_sicca	0.4913914123022166	-0.002	15.1488	0.62168033533549
k__Bacteria|p__Proteobacteria|c__Betaproteobacteria|o__Neisseriales|f__Neisseriaceae|g__Neisseria	0.4913914123022166	-0.002	15.1488	0.62168033533549
k__Bacteria|p__Proteobacteria|c__Betaproteobacteria|o__Burkholderiales|f__Comamonadaceae|g__Delftia	0.4913914123022166	-0.002	21.9294	0.62168033533549
k__Bacteria|p__Proteobacteria|c__Betaproteobacteria|o__Neisseriales|f__Neisseriaceae	0.4913914123022166	-0.002	15.1488	0.62168033533549
k__Bacteria|p__Firmicutes|c__Negativicutes|o__Veillonellales|f__Veillonellaceae|g__Negativicoccus	0.4913914123022166	-0.002	20.2556	0.62168033533549
k__Bacteria|p__Actinobacteria|c__Actinobacteria|o__Micrococcales|f__Brevibacteriaceae|g__Brevibacterium|s__Brevibacterium_ravenspurgense	0.4913914123022166	-0.002	21.8879	0.62168033533549
k__Bacteria|p__Actinobacteria|c__Actinobacteria|o__Propionibacteriales|f__Propionibacteriaceae|g__Propionibacterium|s__Propionibacterium_acidifaciens	0.37754209167820474	-0.0097	2.2249	0.62168033533549
k__Bacteria|p__Firmicutes|c__Negativicutes|o__Selenomonadales	0.4848088807473947	-0.0118	-1.2018	0.62168033533549
k__Bacteria|p__Proteobacteria|c__Betaproteobacteria|o__Burkholderiales|f__Comamonadaceae|g__Delftia|s__Delftia_tsuruhatensis	0.4913914123022166	-0.002	21.9294	0.62168033533549
k__Bacteria|p__Firmicutes|c__Negativicutes|o__Veillonellales|f__Veillonellaceae|g__Negativicoccus|s__Negativicoccus_succinicivorans	0.4913914123022166	-0.002	20.2556	0.62168033533549
k__Bacteria|p__Firmicutes|c__Negativicutes|o__Selenomonadales|f__Selenomonadaceae	0.4848088807473947	-0.0118	-1.2018	0.62168033533549
k__Bacteria|p__Proteobacteria|c__Betaproteobacteria|o__Burkholderiales|f__Oxalobacteraceae	0.4020439346463288	-0.0214	0.1834	0.62168033533549
k__Bacteria|p__Firmicutes|c__Clostridia|o__Clostridiales|f__Ruminococcaceae|g__Subdoligranulum|s__Subdoligranulum_variabile	0.4913914123022166	-0.002	16.8898	0.62168033533549
k__Bacteria|p__Actinobacteria|c__Actinobacteria|o__Micrococcales|f__Brevibacteriaceae|g__Brevibacterium|s__Brevibacterium_paucivorans	0.4913914123022166	-0.002	16.0951	0.62168033533549
k__Bacteria|p__Firmicutes|c__Negativicutes|o__Selenomonadales|f__Selenomonadaceae|g__Megamonas	0.45514565305922694	-0.012	-1.2803	0.62168033533549
k__Bacteria|p__Actinobacteria|c__Coriobacteriia|o__Eggerthellales|f__Eggerthellaceae|g__Slackia	0.39804385127997344	-0.0229	1.1535	0.62168033533549
k__Bacteria|p__Proteobacteria|c__Betaproteobacteria|o__Neisseriales	0.4913914123022166	-0.002	15.1488	0.62168033533549
k__Bacteria|p__Proteobacteria|c__Betaproteobacteria|o__Burkholderiales|f__Sutterellaceae|g__Turicimonas|s__Turicimonas_muris	0.35969354671648435	0.0367	0.1753	0.62168033533549
k__Bacteria|p__Proteobacteria|c__Betaproteobacteria|o__Burkholderiales|f__Sutterellaceae|g__Turicimonas	0.35969354671648435	0.0367	0.1753	0.62168033533549
k__Bacteria|p__Firmicutes|c__Negativicutes|o__Selenomonadales|f__Selenomonadaceae|g__Megamonas|s__Megamonas_funiformis	0.42133233004041315	-0.0123	-1.1633	0.62168033533549
k__Bacteria|p__Firmicutes|c__Erysipelotrichia|o__Erysipelotrichales|f__Erysipelotrichaceae|g__Catenibacterium	0.34403673306978144	-0.0212	0.4377	0.62168033533549
k__Bacteria|p__Firmicutes|c__Clostridia|o__Clostridiales|f__Ruminococcaceae|g__Subdoligranulum	0.4913914123022166	-0.002	16.8898	0.62168033533549
k__Bacteria|p__Proteobacteria|c__Betaproteobacteria|o__Burkholderiales|f__Comamonadaceae|g__Comamonas	0.40794448300860997	-0.006	7.6993	0.62168033533549
k__Bacteria|p__Proteobacteria|c__Betaproteobacteria|o__Burkholderiales|f__Comamonadaceae|g__Comamonas|s__Comamonas_thiooxydans	0.4913914123022166	-0.002	21.3285	0.62168033533549
k__Bacteria|p__Firmicutes|c__Negativicutes|o__Veillonellales|f__Veillonellaceae|g__Veillonella|s__Veillonella_rogosae	0.4913914123022166	-0.002	15.3312	0.62168033533549
k__Bacteria|p__Bacteroidetes|c__Bacteroidia|o__Bacteroidales|f__Bacteroidaceae|g__Bacteroides|s__Bacteroides_massiliensis	0.3911822352146901	-0.0326	-0.5271	0.62168033533549
k__Bacteria|p__Actinobacteria|c__Actinobacteria|o__Micrococcales|f__Micrococcaceae|g__Kocuria|s__Kocuria_varians	0.4913914123022166	-0.002	14.58	0.62168033533549
k__Bacteria|p__Actinobacteria|c__Actinobacteria|o__Micrococcales|f__Micrococcaceae|g__Pseudoglutamicibacter	0.4913914123022166	-0.002	27.3599	0.62168033533549
k__Bacteria|p__Actinobacteria|c__Actinobacteria|o__Micrococcales|f__Micrococcaceae|g__Pseudoglutamicibacter|s__Pseudoglutamicibacter_albus	0.4913914123022166	-0.002	26.9284	0.62168033533549
k__Bacteria|p__Proteobacteria|c__Betaproteobacteria|o__Burkholderiales|f__Comamonadaceae|g__Comamonas|s__Comamonas_testosteroni	0.4913914123022166	-0.002	21.3745	0.62168033533549
k__Bacteria|p__Bacteroidetes|c__Bacteroidia|o__Bacteroidales|f__Bacteroidaceae|g__Bacteroides|s__Bacteroides_galacturonicus	0.45391072432902424	0.0161	-0.2782	0.62168033533549
k__Bacteria|p__Proteobacteria|c__Deltaproteobacteria|o__Desulfobacterales|f__Desulfobulbaceae|g__Desulfobulbus|s__Desulfobulbus_oralis	0.4913914123022166	-0.002	15.6787	0.62168033533549
k__Bacteria|p__Proteobacteria|c__Deltaproteobacteria|o__Desulfobacterales|f__Desulfobulbaceae|g__Desulfobulbus	0.4913914123022166	-0.002	15.6787	0.62168033533549
k__Bacteria|p__Actinobacteria|c__Actinobacteria|o__Micrococcales|f__Micrococcaceae|g__Pseudoglutamicibacter|s__Pseudoglutamicibacter_cumminsii	0.4913914123022166	-0.002	25.4084	0.62168033533549
k__Bacteria|p__Actinobacteria|c__Actinobacteria|o__Corynebacteriales|f__Corynebacteriaceae|g__Corynebacterium|s__Corynebacterium_variabile	0.4913914123022166	-0.002	16.6758	0.62168033533549
k__Bacteria|p__Proteobacteria|c__Epsilonproteobacteria|o__Campylobacterales|f__Campylobacteraceae|g__Campylobacter|s__Campylobacter_ureolyticus	0.4913914123022166	-0.002	24.0429	0.62168033533549
k__Bacteria|p__Actinobacteria|c__Actinobacteria|o__Propionibacteriales|f__Propionibacteriaceae|g__Propionimicrobium|s__Propionimicrobium_lymphophilum	0.4913914123022166	-0.002	17.1076	0.62168033533549
k__Bacteria|p__Bacteroidetes|c__Bacteroidia|o__Bacteroidales|f__Bacteroidaceae|g__Bacteroides|s__Bacteroides_eggerthii	0.47959512861386877	0.0261	-0.2896	0.62168033533549
k__Bacteria|p__Firmicutes|c__Bacilli|o__Lactobacillales|f__Enterococcaceae|g__Enterococcus|s__Enterococcus_malodoratus	0.4913914123022166	-0.002	17.216	0.62168033533549
k__Bacteria|p__Actinobacteria|c__Actinobacteria|o__Propionibacteriales|f__Propionibacteriaceae|g__Propionimicrobium	0.4913914123022166	-0.002	17.1076	0.62168033533549
k__Bacteria|p__Firmicutes|c__Erysipelotrichia|o__Erysipelotrichales|f__Erysipelotrichaceae|g__Catenibacterium|s__Catenibacterium_mitsuokai	0.34403673306978144	-0.0212	0.4377	0.62168033533549
k__Bacteria|p__Proteobacteria|c__Deltaproteobacteria|o__Desulfobacterales|f__Desulfobulbaceae	0.4913914123022166	-0.002	15.6787	0.62168033533549
k__Bacteria|p__Firmicutes|c__Negativicutes|o__Acidaminococcales|f__Acidaminococcaceae|g__Acidaminococcus|s__Acidaminococcus_sp_CAG_542	0.4913914123022166	-0.002	24.764	0.62168033533549
k__Bacteria|p__Firmicutes|c__Negativicutes|o__Veillonellales|f__Veillonellaceae|g__Veillonella|s__Veillonella_sp_CAG_933	0.40772903722504905	-0.0077	-0.0801	0.62168033533549
k__Bacteria|p__Proteobacteria|c__Deltaproteobacteria|o__Desulfobacterales	0.4913914123022166	-0.002	15.6787	0.62168033533549
k__Bacteria|p__Actinobacteria|c__Actinobacteria|o__Corynebacteriales|f__Corynebacteriaceae|g__Corynebacterium|s__Corynebacterium_sp_HMSC058E07	0.4913914123022166	-0.002	20.1649	0.62168033533549
k__Bacteria|p__Proteobacteria|c__Betaproteobacteria|o__Burkholderiales|f__Alcaligenaceae|g__Kerstersia	0.4913914123022166	-0.002	14.2277	0.62168033533549
k__Bacteria|p__Bacteroidetes|c__Bacteroidia|o__Bacteroidales|f__Bacteroidaceae|g__Bacteroides|s__Bacteroides_finegoldii	0.4238935142663648	-0.0298	0.2282	0.62168033533549
k__Bacteria|p__Actinobacteria|c__Actinobacteria|o__Micrococcales|f__Micrococcaceae|g__Rothia|s__Rothia_dentocariosa	0.3926403240351334	-0.0259	0.4134	0.62168033533549
k__Bacteria|p__Firmicutes|c__Bacilli|o__Lactobacillales|f__Enterococcaceae|g__Enterococcus|s__Enterococcus_mundtii	0.4913914123022166	-0.002	20.1019	0.62168033533549
k__Bacteria|p__Firmicutes|c__Clostridia|o__Clostridiales|f__Peptostreptococcaceae|g__Peptostreptococcaceae_unclassified|s__Clostridium_hiranonis	0.4336351161120964	0.0069	-1.3236	0.62168033533549
k__Bacteria|p__Cyanobacteria|c__Cyanobacteria_unclassified|o__Oscillatoriales|f__Microcoleaceae	0.4913914123022166	-0.002	19.5708	0.62168033533549
k__Bacteria|p__Cyanobacteria|c__Cyanobacteria_unclassified|o__Oscillatoriales|f__Microcoleaceae|g__Arthrospira	0.4913914123022166	-0.002	19.5708	0.62168033533549
k__Bacteria|p__Cyanobacteria|c__Cyanobacteria_unclassified|o__Oscillatoriales|f__Microcoleaceae|g__Arthrospira|s__Arthrospira_platensis	0.4913914123022166	-0.002	19.5708	0.62168033533549
k__Bacteria|p__Proteobacteria|c__Gammaproteobacteria|o__Xanthomonadales|f__Xanthomonadaceae|g__Stenotrophomonas	0.4913914123022166	-0.002	19.3468	0.62168033533549
k__Bacteria|p__Proteobacteria|c__Gammaproteobacteria|o__Xanthomonadales|f__Xanthomonadaceae|g__Stenotrophomonas|s__Stenotrophomonas_acidaminiphila	0.4913914123022166	-0.002	17.1828	0.62168033533549
k__Bacteria|p__Proteobacteria|c__Gammaproteobacteria|o__Xanthomonadales|f__Xanthomonadaceae|g__Stenotrophomonas|s__Stenotrophomonas_maltophilia	0.4913914123022166	-0.002	18.8335	0.62168033533549
k__Bacteria|p__Proteobacteria|c__Gammaproteobacteria|o__Xanthomonadales|f__Xanthomonadaceae|g__Stenotrophomonas|s__Stenotrophomonas_rhizophila	0.4913914123022166	-0.002	15.633	0.62168033533549
k__Bacteria|p__Proteobacteria|c__Gammaproteobacteria|o__Xanthomonadales|f__Xanthomonadaceae|g__Xanthomonadaceae_unclassified	0.4913914123022166	-0.002	19.6199	0.62168033533549
k__Bacteria|p__Cyanobacteria|c__Cyanobacteria_unclassified|o__Oscillatoriales	0.4913914123022166	-0.002	19.5708	0.62168033533549
k__Bacteria|p__Proteobacteria|c__Gammaproteobacteria|o__Xanthomonadales|f__Xanthomonadaceae|g__Xanthomonadaceae_unclassified|s__Pseudomonas_geniculata	0.4913914123022166	-0.002	19.6199	0.62168033533549
k__Bacteria|p__Proteobacteria|c__Proteobacteria_unclassified|o__Proteobacteria_unclassified	0.4583150776030819	0.0309	-0.1106	0.62168033533549
k__Bacteria|p__Proteobacteria|c__Proteobacteria_unclassified|o__Proteobacteria_unclassified|f__Proteobacteria_unclassified	0.4583150776030819	0.0309	-0.1106	0.62168033533549
k__Bacteria|p__Firmicutes|c__Bacilli|o__Lactobacillales|f__Streptococcaceae|g__Streptococcus|s__Streptococcus_salivarius_CAG_79	0.4913914123022166	-0.002	12.8431	0.62168033533549
k__Bacteria|p__Firmicutes|c__Bacilli|o__Lactobacillales|f__Streptococcaceae|g__Streptococcus|s__Streptococcus_salivarius	0.4365598290316527	-0.0357	0.0667	0.62168033533549
k__Bacteria|p__Firmicutes|c__Bacilli|o__Bacillales|f__Bacillales_unclassified|g__Gemella|s__Gemella_morbillorum	0.4913914123022166	-0.002	12.9951	0.62168033533549
k__Bacteria|p__Proteobacteria|c__Proteobacteria_unclassified|o__Proteobacteria_unclassified|f__Proteobacteria_unclassified|g__Proteobacteria_unclassified	0.4583150776030819	0.0309	-0.1106	0.62168033533549
k__Bacteria|p__Firmicutes|c__Bacilli|o__Lactobacillales|f__Streptococcaceae|g__Streptococcus|s__Streptococcus_oralis	0.47799686863528634	0.0208	0.5416	0.62168033533549
k__Bacteria|p__Proteobacteria|c__Proteobacteria_unclassified|o__Proteobacteria_unclassified|f__Proteobacteria_unclassified|g__Proteobacteria_unclassified|s__Proteobacteria_bacterium_CAG_139	0.4583150776030819	0.0309	-0.1106	0.62168033533549
k__Bacteria|p__Proteobacteria|c__Proteobacteria_unclassified	0.4583150776030819	0.0309	-0.1106	0.62168033533549
k__Bacteria|p__Cyanobacteria|c__Cyanobacteria_unclassified	0.4913914123022166	-0.002	19.5708	0.62168033533549
k__Bacteria|p__Cyanobacteria	0.4913914123022166	-0.002	19.5708	0.62168033533549
k__Bacteria|p__Proteobacteria|c__Gammaproteobacteria|o__Xanthomonadales|f__Xanthomonadaceae	0.4913914123022166	-0.002	20.4898	0.62168033533549
k__Bacteria|p__Bacteroidetes|c__Bacteroidia|o__Bacteroidales|f__Tannerellaceae|g__Parabacteroides|s__Parabacteroides_gordonii	0.3877218100303014	0.0118	-0.6533	0.62168033533549
k__Bacteria|p__Proteobacteria|c__Gammaproteobacteria|o__Enterobacterales|f__Morganellaceae|g__Providencia	0.4913914123022166	-0.002	19.1907	0.62168033533549
k__Bacteria|p__Proteobacteria|c__Gammaproteobacteria|o__Enterobacterales|f__Morganellaceae|g__Providencia|s__Providencia_rettgeri	0.4913914123022166	-0.002	19.1907	0.62168033533549
k__Bacteria|p__Actinobacteria|c__Actinobacteria|o__Corynebacteriales|f__Corynebacteriaceae|g__Corynebacterium|s__Corynebacterium_minutissimum	0.4913914123022166	-0.002	16.3804	0.62168033533549
k__Bacteria|p__Firmicutes|c__Clostridia|o__Clostridiales|f__Clostridiales_Family_XIII_Incertae_Sedis|g__Clostridiales_Family_XIII_Incertae_Sedis_unclassified|s__Eubacterium_nodatum	0.4913914123022166	-0.002	16.1729	0.62168033533549
k__Bacteria|p__Proteobacteria|c__Gammaproteobacteria|o__Enterobacterales|f__Yersiniaceae|g__Serratia|s__Serratia_ureilytica	0.4913914123022166	-0.002	20.1288	0.62168033533549
k__Bacteria|p__Actinobacteria|c__Actinobacteria|o__Bifidobacteriales|f__Bifidobacteriaceae|g__Bifidobacterium|s__Bifidobacterium_angulatum	0.4913914123022166	-0.002	21.4594	0.62168033533549
k__Bacteria|p__Bacteroidetes|c__Flavobacteriia	0.4913914123022166	-0.002	25.0319	0.62168033533549
k__Bacteria|p__Bacteroidetes|c__Flavobacteriia|o__Flavobacteriales	0.4913914123022166	-0.002	25.0319	0.62168033533549
k__Bacteria|p__Actinobacteria|c__Actinobacteria|o__Actinomycetales|f__Actinomycetaceae|g__Mobiluncus|s__Mobiluncus_curtisii	0.4913914123022166	-0.002	14.7816	0.62168033533549
k__Bacteria|p__Bacteroidetes|c__Flavobacteriia|o__Flavobacteriales|f__Flavobacteriaceae	0.4913914123022166	-0.002	25.0319	0.62168033533549
k__Bacteria|p__Actinobacteria|c__Actinobacteria|o__Actinomycetales|f__Actinomycetaceae|g__Mobiluncus	0.4913914123022166	-0.002	14.7816	0.62168033533549
k__Bacteria|p__Bacteroidetes|c__Flavobacteriia|o__Flavobacteriales|f__Flavobacteriaceae|g__Weeksella	0.4913914123022166	-0.002	25.0319	0.62168033533549
k__Bacteria|p__Actinobacteria|c__Actinobacteria|o__Actinomycetales|f__Actinomycetaceae|g__Actinotignum|s__Actinotignum_timonense	0.4913914123022166	-0.002	14.2429	0.62168033533549
k__Bacteria|p__Bacteroidetes|c__Flavobacteriia|o__Flavobacteriales|f__Flavobacteriaceae|g__Weeksella|s__Weeksella_virosa	0.4913914123022166	-0.002	25.0319	0.62168033533549
k__Bacteria|p__Actinobacteria|c__Actinobacteria|o__Actinomycetales|f__Actinomycetaceae|g__Actinotignum	0.4913914123022166	-0.002	14.2429	0.62168033533549
k__Bacteria|p__Firmicutes|c__Clostridia|o__Clostridiales|f__Clostridiaceae|g__Clostridium|s__Clostridium_neonatale	0.4913914123022166	-0.002	13.7392	0.62168033533549
k__Bacteria|p__Proteobacteria|c__Gammaproteobacteria|o__Pseudomonadales|f__Pseudomonadaceae|g__Pseudomonas|s__Pseudomonas_putida_group	0.4913914123022166	-0.002	18.1211	0.62168033533549
k__Bacteria|p__Proteobacteria|c__Gammaproteobacteria|o__Xanthomonadales	0.4913914123022166	-0.002	20.4898	0.62168033533549
k__Bacteria|p__Actinobacteria|c__Actinobacteria|o__Actinomycetales|f__Actinomycetaceae|g__Actinomyces|s__Actinomyces_odontolyticus	0.39735605778969596	0.0359	0.0233	0.62168033533549
k__Bacteria|p__Actinobacteria|c__Actinobacteria|o__Actinomycetales|f__Actinomycetaceae|g__Actinomyces|s__Actinomyces_massiliensis	0.43367769469856776	-0.0094	2.1197	0.62168033533549
k__Bacteria|p__Firmicutes|c__Bacilli|o__Lactobacillales|f__Streptococcaceae|g__Streptococcus|s__Streptococcus_cristatus	0.3521507595582929	-0.0115	0.5133	0.62168033533549
k__Bacteria|p__Firmicutes|c__Bacilli|o__Bacillales|f__Staphylococcaceae|g__Staphylococcus	0.46079509946604436	-0.0078	7.0733	0.62168033533549
k__Archaea|p__Euryarchaeota|c__Thermoplasmata|o__Methanomassiliicoccales|f__Methanomassiliicoccales_unclassified|g__Methanomassiliicoccales_unclassified	0.4913914123022166	-0.002	20.7634	0.62168033533549
k__Bacteria|p__Firmicutes|c__Bacilli|o__Lactobacillales|f__Lactobacillaceae|g__Lactobacillus|s__Lactobacillus_melliventris	0.4913914123022166	-0.002	17.9994	0.62168033533549
k__Archaea|p__Euryarchaeota|c__Thermoplasmata|o__Methanomassiliicoccales|f__Methanomassiliicoccales_unclassified	0.4913914123022166	-0.002	20.7634	0.62168033533549
k__Archaea|p__Euryarchaeota|c__Methanobacteria|o__Methanobacteriales|f__Methanobacteriaceae|g__Methanosphaera|s__Methanosphaera_stadtmanae	0.3923889405299771	-0.0131	1.3718	0.62168033533549
k__Bacteria|p__Firmicutes|c__Bacilli|o__Lactobacillales|f__Lactobacillaceae|g__Lactobacillus|s__Lactobacillus_iners	0.4913914123022166	-0.002	17.3401	0.62168033533549
k__Eukaryota	0.48117665086177475	0.0072	-0.7872	0.62168033533549
k__Bacteria|p__Firmicutes|c__Bacilli|o__Lactobacillales|f__Aerococcaceae|g__Globicatella|s__Globicatella_sulfidifaciens	0.4913914123022166	-0.002	17.0284	0.62168033533549
k__Archaea|p__Euryarchaeota|c__Methanobacteria|o__Methanobacteriales|f__Methanobacteriaceae|g__Methanosphaera	0.3923889405299771	-0.0131	1.3718	0.62168033533549
k__Archaea|p__Euryarchaeota|c__Methanobacteria|o__Methanobacteriales|f__Methanobacteriaceae|g__Methanobrevibacter|s__Methanobrevibacter_arboriphilus	0.4913914123022166	-0.002	17.6402	0.62168033533549
k__Bacteria|p__Firmicutes|c__Bacilli|o__Lactobacillales|f__Lactobacillaceae|g__Lactobacillus|s__Lactobacillus_delbrueckii	0.3769975202134218	-0.0128	-0.327	0.62168033533549
k__Bacteria|p__Firmicutes|c__Bacilli|o__Lactobacillales|f__Carnobacteriaceae|g__Trichococcus	0.4913914123022166	-0.002	22.3811	0.62168033533549
k__Bacteria|p__Firmicutes|c__Bacilli|o__Lactobacillales|f__Carnobacteriaceae|g__Trichococcus|s__Trichococcus_flocculiformis	0.4913914123022166	-0.002	22.3811	0.62168033533549
k__Bacteria|p__Firmicutes|c__Bacilli|o__Lactobacillales|f__Lactobacillaceae|g__Lactobacillus|s__Lactobacillus_camelliae	0.4913914123022166	-0.002	13.3736	0.62168033533549
k__Bacteria|p__Firmicutes|c__Bacilli|o__Lactobacillales|f__Lactobacillaceae|g__Lactobacillus|s__Lactobacillus_antri	0.4913914123022166	-0.002	14.5919	0.62168033533549
k__Archaea|p__Euryarchaeota|c__Methanobacteria|o__Methanobacteriales|f__Methanobacteriaceae|g__Methanobacterium|s__Methanobacterium_sp_MB1	0.4913914123022166	-0.002	16.5739	0.62168033533549
k__Archaea|p__Euryarchaeota|c__Methanobacteria|o__Methanobacteriales|f__Methanobacteriaceae|g__Methanobacterium	0.4913914123022166	-0.002	16.5739	0.62168033533549
k__Bacteria|p__Firmicutes|c__Bacilli|o__Lactobacillales|f__Enterococcaceae|g__Enterococcus|s__Enterococcus_canis	0.4913914123022166	-0.002	16.37	0.62168033533549
k__Bacteria|p__Firmicutes|c__Bacilli|o__Lactobacillales|f__Enterococcaceae|g__Enterococcus|s__Enterococcus_phoeniculicola	0.4913914123022166	-0.002	20.6319	0.62168033533549
k__Bacteria|p__Firmicutes|c__Bacilli|o__Lactobacillales|f__Enterococcaceae|g__Enterococcus|s__Enterococcus_pallens	0.4913914123022166	-0.002	19.4258	0.62168033533549
k__Bacteria|p__Firmicutes|c__Bacilli|o__Lactobacillales|f__Aerococcaceae|g__Globicatella|s__Globicatella_sanguinis	0.4913914123022166	-0.002	21.3121	0.62168033533549
k__Bacteria|p__Firmicutes|c__Clostridia|o__Clostridiales|f__Clostridiales_unclassified|g__Intestinimonas	0.4865163283693581	0.0305	0.0587	0.62168033533549
k__Bacteria|p__Firmicutes|c__Bacilli|o__Lactobacillales|f__Lactobacillaceae|g__Lactobacillus|s__Lactobacillus_pantheris	0.4913914123022166	-0.002	24.5455	0.62168033533549
k__Bacteria|p__Firmicutes|c__Bacilli|o__Lactobacillales|f__Aerococcaceae|g__Globicatella	0.4913914123022166	-0.002	21.3843	0.62168033533549
k__Bacteria|p__Firmicutes|c__Bacilli|o__Lactobacillales|f__Streptococcaceae|g__Lactococcus|s__Lactococcus_raffinolactis	0.4913914123022166	-0.002	18.3105	0.62168033533549
k__Bacteria|p__Firmicutes|c__Bacilli|o__Lactobacillales|f__Streptococcaceae|g__Lactococcus|s__Lactococcus_piscium	0.4913914123022166	-0.002	21.365	0.62168033533549
k__Bacteria|p__Firmicutes|c__Bacilli|o__Bacillales|f__Staphylococcaceae|g__Staphylococcus|s__Staphylococcus_argenteus	0.4913914123022166	-0.002	19.9436	0.62168033533549
k__Bacteria|p__Firmicutes|c__Bacilli|o__Lactobacillales|f__Leuconostocaceae|g__Weissella|s__Weissella_viridescens	0.4913914123022166	-0.002	22.2294	0.62168033533549
k__Bacteria|p__Actinobacteria|c__Actinobacteria|o__Actinomycetales|f__Actinomycetaceae|g__Actinomyces|s__Actinomyces_cardiffensis	0.4913914123022166	-0.002	13.6039	0.62168033533549
k__Bacteria|p__Firmicutes|c__Bacilli|o__Lactobacillales|f__Leuconostocaceae|g__Weissella|s__Weissella_cibaria	0.4759937143594922	-0.0075	0.1741	0.62168033533549
k__Bacteria|p__Firmicutes|c__Bacilli|o__Lactobacillales|f__Leuconostocaceae|g__Leuconostoc|s__Leuconostoc_mesenteroides	0.4435136512322777	-0.0109	0.6763	0.62168033533549
k__Bacteria|p__Synergistetes|c__Synergistia|o__Synergistales|f__Synergistaceae|g__Pyramidobacter	0.3732520408519786	-0.0098	2.6841	0.62168033533549
k__Bacteria|p__Synergistetes|c__Synergistia|o__Synergistales|f__Synergistaceae|g__Pyramidobacter|s__Pyramidobacter_piscolens	0.37410762767489036	-0.0097	2.666	0.62168033533549
k__Bacteria|p__Firmicutes|c__Bacilli|o__Lactobacillales|f__Leuconostocaceae|g__Leuconostoc	0.43348246931030987	-0.016	1.7223	0.62168033533549
k__Bacteria|p__Firmicutes|c__Bacilli|o__Bacillales|f__Staphylococcaceae|g__Staphylococcus|s__Staphylococcus_haemolyticus	0.4913914123022166	-0.002	20.3973	0.62168033533549
k__Bacteria|p__Firmicutes|c__Bacilli|o__Lactobacillales|f__Aerococcaceae|g__Abiotrophia	0.4913914123022166	-0.002	15.2505	0.62168033533549
k__Bacteria|p__Firmicutes|c__Bacilli|o__Lactobacillales|f__Lactobacillaceae|g__Lactobacillus|s__Lactobacillus_saerimneri	0.4913914123022166	-0.002	18.8573	0.62168033533549
k__Bacteria|p__Firmicutes|c__Bacilli|o__Lactobacillales|f__Aerococcaceae|g__Abiotrophia|s__Abiotrophia_defectiva	0.4913914123022166	-0.002	15.2505	0.62168033533549
k__Archaea|p__Euryarchaeota|c__Thermoplasmata|o__Methanomassiliicoccales|f__Methanomassiliicoccales_unclassified|g__Methanomassiliicoccales_unclassified|s__Methanomassiliicoccales_archaeon_RumEn_M1	0.4913914123022166	-0.002	20.7634	0.62168033533549
k__Bacteria|p__Firmicutes|c__Bacilli|o__Lactobacillales|f__Aerococcaceae|g__Facklamia	0.4913914123022166	-0.002	26.2434	0.62168033533549
k__Bacteria|p__Firmicutes|c__Bacilli|o__Lactobacillales|f__Aerococcaceae|g__Facklamia|s__Facklamia_hominis	0.4913914123022166	-0.002	22.8468	0.62168033533549
k__Bacteria|p__Firmicutes|c__Bacilli|o__Lactobacillales|f__Aerococcaceae|g__Facklamia|s__Facklamia_ignava	0.4913914123022166	-0.002	26.0995	0.62168033533549
k__Bacteria|p__Firmicutes|c__Bacilli|o__Lactobacillales|f__Lactobacillaceae|g__Lactobacillus|s__Lactobacillus_paralimentarius	0.4913914123022166	-0.002	18.8106	0.62168033533549
k__Bacteria|p__Firmicutes|c__Bacilli|o__Lactobacillales|f__Lactobacillaceae|g__Lactobacillus|s__Lactobacillus_parabuchneri	0.4913914123022166	-0.002	18.5663	0.62168033533549
k__Bacteria|p__Firmicutes|c__Clostridia|o__Clostridiales|f__Clostridiales_unclassified|g__Intestinimonas|s__Intestinimonas_butyriciproducens	0.4865163283693581	0.0305	0.0587	0.62168033533549
k__Bacteria|p__Firmicutes|c__Clostridia|o__Clostridiales|f__Clostridiales_Family_XIII_Incertae_Sedis|g__Clostridiales_Family_XIII_Incertae_Sedis_unclassified|s__Eubacterium_saphenum	0.4913914123022166	-0.002	16.4445	0.62168033533549
k__Bacteria|p__Bacteroidetes|c__Bacteroidia|o__Bacteroidales|f__Rikenellaceae|g__Rikenella|s__Rikenella_microfusus	0.4913914123022166	-0.002	26.4537	0.62168033533549
k__Bacteria|p__Bacteroidetes|c__Bacteroidia|o__Bacteroidales|f__Dysgonamonadaceae|g__Dysgonomonas|s__Dysgonomonas_sp_37_18	0.4913914123022166	-0.002	17.0589	0.62168033533549
k__Bacteria|p__Actinobacteria|c__Actinobacteria|o__Corynebacteriales|f__Corynebacteriaceae|g__Corynebacterium|s__Corynebacterium_casei	0.4913914123022166	-0.002	16.4707	0.62168033533549
k__Bacteria|p__Proteobacteria|c__Gammaproteobacteria|o__Enterobacterales|f__Enterobacteriaceae|g__Citrobacter|s__Citrobacter_freundii	0.36099509231424964	-0.0133	-2.5334	0.62168033533549
k__Bacteria|p__Firmicutes|c__Clostridia|o__Clostridiales|f__Lachnospiraceae|g__Lachnoclostridium|s__Lachnoclostridium_sp_An298	0.4913914123022166	-0.002	18.3786	0.62168033533549
k__Bacteria|p__Firmicutes|c__Clostridia|o__Clostridiales|f__Lachnospiraceae|g__Lachnoclostridium|s__Lachnoclostridium_sp_An181	0.4913914123022166	-0.002	22.5959	0.62168033533549
k__Bacteria|p__Proteobacteria|c__Gammaproteobacteria|o__Enterobacterales|f__Enterobacteriaceae|g__Cronobacter	0.4913914123022166	-0.002	21.9909	0.62168033533549
k__Bacteria|p__Bacteroidetes|c__Bacteroidia|o__Bacteroidales|f__Odoribacteraceae|g__Odoribacter	0.3439891685267584	-0.0426	0.481	0.62168033533549
k__Bacteria|p__Fusobacteria|c__Fusobacteriia|o__Fusobacteriales|f__Fusobacteriaceae|g__Fusobacterium|s__Fusobacterium_sp_CAG_439	0.4336351161120964	0.0069	-2.5017	0.62168033533549
k__Bacteria|p__Bacteroidetes|c__Bacteroidia|o__Bacteroidales|f__Dysgonamonadaceae|g__Dysgonomonas|s__Dysgonomonas_mossii	0.4913914123022166	-0.002	18.861	0.62168033533549
k__Bacteria|p__Proteobacteria|c__Gammaproteobacteria|o__Enterobacterales|f__Enterobacteriaceae|g__Cronobacter|s__Cronobacter_sakazakii	0.4913914123022166	-0.002	21.9909	0.62168033533549
k__Bacteria|p__Firmicutes|c__Clostridia|o__Clostridiales|f__Lachnospiraceae|g__Lachnoclostridium|s__Clostridium_citroniae	0.43588904785716565	-0.0344	0.7559	0.62168033533549
k__Bacteria|p__Proteobacteria|c__Gammaproteobacteria|o__Enterobacterales|f__Enterobacteriaceae|g__Escherichia|s__Escherichia_albertii	0.4913914123022166	-0.002	18.048	0.62168033533549
k__Bacteria|p__Bacteroidetes|c__Bacteroidia|o__Bacteroidales|f__Porphyromonadaceae|g__Porphyromonas|s__Porphyromonas_gingivalis	0.4913914123022166	-0.002	13.6504	0.62168033533549
k__Bacteria|p__Firmicutes|c__Clostridia|o__Clostridiales|f__Lachnospiraceae|g__Lachnoanaerobaculum|s__Lachnoanaerobaculum_saburreum	0.4913914123022166	-0.002	13.7816	0.62168033533549
k__Bacteria|p__Bacteroidetes|c__Bacteroidia|o__Bacteroidales|f__Tannerellaceae|g__Parabacteroides|s__Parabacteroides_chinchillae	0.4913914123022166	-0.002	14.3596	0.62168033533549
k__Bacteria|p__Firmicutes|c__Clostridia|o__Clostridiales|f__Lachnospiraceae|g__Lachnoanaerobaculum	0.4913914123022166	-0.002	13.7816	0.62168033533549
k__Bacteria|p__Firmicutes|c__Clostridia|o__Clostridiales|f__Lachnospiraceae|g__Johnsonella|s__Johnsonella_ignava	0.4913914123022166	-0.002	16.7658	0.62168033533549
k__Bacteria|p__Firmicutes|c__Clostridia|o__Clostridiales|f__Lachnospiraceae|g__Johnsonella	0.4913914123022166	-0.002	16.7658	0.62168033533549
k__Bacteria|p__Bacteroidetes|c__Bacteroidia|o__Bacteroidales|f__Odoribacteraceae|g__Odoribacter|s__Odoribacter_splanchnicus	0.4384994679872234	-0.0348	0.233	0.62168033533549
k__Bacteria|p__Firmicutes|c__Clostridia|o__Clostridiales|f__Lachnospiraceae|g__Faecalicatena|s__Faecalicatena_orotica	0.3449379004732186	-0.0147	5.0952	0.62168033533549
k__Bacteria|p__Firmicutes|c__Clostridia|o__Clostridiales|f__Lachnospiraceae|g__Oribacterium	0.4913914123022166	-0.002	16.8653	0.62168033533549
k__Bacteria|p__Actinobacteria|c__Actinobacteria|o__Corynebacteriales|f__Corynebacteriaceae|g__Corynebacterium|s__Corynebacterium_imitans	0.4913914123022166	-0.002	24.4543	0.62168033533549
k__Bacteria|p__Firmicutes|c__Clostridia|o__Clostridiales|f__Peptostreptococcaceae|g__Peptostreptococcaceae_unclassified	0.4336351161120964	0.0069	-1.3236	0.62168033533549
k__Bacteria|p__Firmicutes|c__Clostridia|o__Clostridiales|f__Peptostreptococcaceae|g__Paraclostridium|s__Paraclostridium_bifermentans	0.4913914123022166	-0.002	13.6039	0.62168033533549
k__Bacteria|p__Firmicutes|c__Clostridia|o__Clostridiales|f__Peptostreptococcaceae|g__Paraclostridium	0.4913914123022166	-0.002	13.6039	0.62168033533549
k__Bacteria|p__Proteobacteria|c__Gammaproteobacteria|o__Aeromonadales|f__Aeromonadaceae|g__Aeromonas|s__Aeromonas_caviae	0.4913914123022166	-0.002	22.3282	0.62168033533549
k__Bacteria|p__Proteobacteria|c__Gammaproteobacteria|o__Aeromonadales|f__Aeromonadaceae|g__Aeromonas|s__Aeromonas_media	0.4913914123022166	-0.002	18.7391	0.62168033533549
k__Bacteria|p__Bacteroidetes|c__Bacteroidia|o__Bacteroidales|f__Bacteroidaceae|g__Bacteroides|s__Bacteroides_thetaiotaomicron	0.4698605792568993	-0.0331	-0.0769	0.62168033533549
k__Bacteria|p__Firmicutes|c__Clostridia|o__Clostridiales|f__Peptostreptococcaceae	0.39447328940761683	-0.0334	0.1645	0.62168033533549
k__Bacteria|p__Bacteroidetes|c__Bacteroidia|o__Bacteroidales|f__Bacteroidaceae|g__Bacteroides|s__Bacteroides_uniformis	0.4681455297720023	0.0333	-0.0621	0.62168033533549
k__Bacteria|p__Firmicutes|c__Clostridia|o__Clostridiales|f__Lachnospiraceae|g__Oribacterium|s__Oribacterium_parvum	0.4913914123022166	-0.002	16.8653	0.62168033533549
k__Bacteria|p__Bacteroidetes|c__Bacteroidia|o__Bacteroidales|f__Bacteroidales_unclassified|g__Bacteroidales_unclassified|s__Bacteroidales_bacterium_KA00344	0.4913914123022166	-0.002	17.6301	0.62168033533549
k__Bacteria|p__Firmicutes|c__Clostridia|o__Clostridiales|f__Lachnospiraceae|g__Tyzzerella|s__Tyzzerella_sp_An114	0.4913914123022166	-0.002	15.1077	0.62168033533549
k__Bacteria|p__Firmicutes|c__Clostridia|o__Clostridiales|f__Lachnospiraceae|g__Tyzzerella|s__Tyzzerella_nexilis	0.4709999941319949	-0.0192	-0.6501	0.62168033533549
k__Bacteria|p__Firmicutes|c__Clostridia|o__Clostridiales|f__Lachnospiraceae|g__Tyzzerella	0.4306344348532315	-0.0211	-0.6494	0.62168033533549
k__Bacteria|p__Firmicutes|c__Clostridia|o__Clostridiales|f__Lachnospiraceae|g__Stomatobaculum|s__Stomatobaculum_longum	0.4913914123022166	-0.002	20.6252	0.62168033533549
k__Bacteria|p__Firmicutes|c__Clostridia|o__Clostridiales|f__Lachnospiraceae|g__Stomatobaculum	0.4913914123022166	-0.002	20.6252	0.62168033533549
k__Bacteria|p__Firmicutes|c__Clostridia|o__Clostridiales|f__Lachnospiraceae|g__Shuttleworthia|s__Shuttleworthia_satelles	0.4913914123022166	-0.002	19.993	0.62168033533549
k__Bacteria|p__Firmicutes|c__Clostridia|o__Clostridiales|f__Lachnospiraceae|g__Shuttleworthia	0.4913914123022166	-0.002	19.993	0.62168033533549
k__Bacteria|p__Firmicutes|c__Clostridia|o__Clostridiales|f__Lachnospiraceae|g__Roseburia|s__Roseburia_sp_CAG_303	0.41206939026772293	-0.0059	1.1566	0.62168033533549
k__Bacteria|p__Bacteroidetes|c__Bacteroidia|o__Bacteroidales|f__Barnesiellaceae	0.4348467471532349	-0.0334	0.2433	0.62168033533549
k__Bacteria|p__Firmicutes|c__Clostridia|o__Clostridiales|f__Lachnospiraceae|g__Faecalicatena|s__Faecalicatena_contorta	0.4913914123022166	-0.002	17.9779	0.62168033533549
k__Bacteria|p__Bacteroidetes|c__Bacteroidia|o__Bacteroidales|f__Odoribacteraceae|g__Odoribacter|s__Odoribacter_laneus	0.3448811234358401	-0.0206	1.596	0.62168033533549
k__Bacteria|p__Bacteroidetes|c__Bacteroidia|o__Bacteroidales|f__Prevotellaceae|g__Prevotella|s__Prevotella_sp_CAG_1124	0.4913914123022166	-0.002	27.5083	0.62168033533549
k__Bacteria|p__Bacteroidetes|c__Bacteroidia|o__Bacteroidales|f__Rikenellaceae|g__Alistipes	0.443407557390721	-0.0352	0.0434	0.62168033533549
k__Bacteria|p__Firmicutes|c__Clostridia|o__Clostridiales|f__Eubacteriaceae|g__Eubacterium|s__Eubacterium_ventriosum	0.4773438921116594	-0.0232	0.257	0.62168033533549
k__Bacteria|p__Proteobacteria|c__Gammaproteobacteria|o__Enterobacterales|f__Enterobacteriaceae|g__Raoultella|s__Raoultella_terrigena	0.4913914123022166	-0.002	16.8329	0.62168033533549
k__Bacteria|p__Bacteroidetes|c__Bacteroidia|o__Bacteroidales|f__Rikenellaceae|g__Alistipes|s__Alistipes_inops	0.45182917843627046	-0.0157	0.947	0.62168033533549
k__Bacteria|p__Actinobacteria|c__Actinobacteria|o__Bifidobacteriales|f__Bifidobacteriaceae|g__Bifidobacterium|s__Bifidobacterium_cuniculi	0.4913914123022166	-0.002	18.4634	0.62168033533549
k__Bacteria|p__Firmicutes|c__Clostridia|o__Clostridiales|f__Lachnospiraceae|g__Anaerocolumna	0.4913914123022166	-0.002	19.2701	0.62168033533549
k__Bacteria|p__Firmicutes|c__Clostridia|o__Clostridiales|f__Lachnospiraceae|g__Anaerocolumna|s__Anaerocolumna_aminovalerica	0.4913914123022166	-0.002	19.2701	0.62168033533549
k__Bacteria|p__Proteobacteria|c__Gammaproteobacteria|o__Enterobacterales|f__Enterobacteriaceae|g__Escherichia|s__Escherichia_marmotae	0.4913914123022166	-0.002	19.9924	0.62168033533549
k__Bacteria|p__Proteobacteria|c__Gammaproteobacteria|o__Enterobacterales|f__Enterobacteriaceae|g__Pseudocitrobacter|s__Pseudocitrobacter_faecalis	0.4913914123022166	-0.002	18.9132	0.62168033533549
k__Bacteria|p__Proteobacteria|c__Gammaproteobacteria|o__Enterobacterales|f__Enterobacteriaceae|g__Pseudocitrobacter	0.4913914123022166	-0.002	18.9132	0.62168033533549
k__Bacteria|p__Actinobacteria|c__Actinobacteria|o__Bifidobacteriales|f__Bifidobacteriaceae|g__Bifidobacterium|s__Bifidobacterium_mongoliense	0.4913914123022166	-0.002	16.6008	0.62168033533549
k__Bacteria|p__Bacteroidetes|c__Bacteroidia|o__Bacteroidales|f__Prevotellaceae|g__Prevotella|s__Prevotella_sp_CAG_279	0.47106953142925034	0.0107	-0.3665	0.62168033533549
k__Bacteria|p__Bacteroidetes|c__Bacteroidia|o__Bacteroidales|f__Rikenellaceae	0.4366564946769944	-0.0357	0.0461	0.62168033533549
k__Bacteria|p__Bacteroidetes|c__Bacteroidia|o__Bacteroidales|f__Rikenellaceae|g__Alistipes|s__Alistipes_putredinis	0.3553036394403414	0.0423	-0.1073	0.62168033533549
k__Bacteria|p__Bacteroidetes|c__Bacteroidia|o__Bacteroidales|f__Prevotellaceae|g__Prevotella|s__Prevotella_sp_CAG_1092	0.4913914123022166	-0.002	28.3767	0.62168033533549
k__Bacteria|p__Firmicutes|c__Clostridia|o__Clostridiales|f__Eubacteriaceae|g__Eubacterium|s__Eubacterium_sp_CAG_180	0.46503488478214805	0.021	0.3228	0.62168033533549
k__Bacteria|p__Proteobacteria|c__Gammaproteobacteria|o__Enterobacterales|f__Morganellaceae|g__Proteus	0.3609682813760621	-0.0113	-0.2949	0.62168033533549
k__Bacteria|p__Actinobacteria|c__Actinobacteria|o__Corynebacteriales|f__Corynebacteriaceae|g__Corynebacterium|s__Corynebacterium_accolens	0.4913914123022166	-0.002	15.9584	0.62168033533549
k__Bacteria|p__Proteobacteria|c__Gammaproteobacteria|o__Enterobacterales|f__Enterobacteriaceae|g__Klebsiella|s__Klebsiella_michiganensis	0.4759937143594922	-0.0075	-0.639	0.62168033533549
k__Bacteria|p__Firmicutes|c__Clostridia|o__Clostridiales|f__Lachnospiraceae|g__Catonella|s__Catonella_morbi	0.4913914123022166	-0.002	17.3169	0.62168033533549
k__Bacteria|p__Firmicutes|c__Clostridia|o__Clostridiales|f__Lachnospiraceae|g__Catonella	0.4913914123022166	-0.002	17.3169	0.62168033533549
k__Bacteria|p__Bacteroidetes|c__Bacteroidia|o__Bacteroidales|f__Rikenellaceae|g__Rikenella	0.4913914123022166	-0.002	26.4537	0.62168033533549
k__Bacteria|p__Bacteroidetes|c__Bacteroidia|o__Bacteroidales|f__Prevotellaceae|g__Prevotella|s__Prevotella_denticola	0.4913914123022166	-0.002	18.661	0.62168033533549
k__Bacteria|p__Bacteroidetes|c__Bacteroidia|o__Bacteroidales|f__Rikenellaceae|g__Alistipes|s__Alistipes_timonensis	0.41710368086476635	-0.0149	-0.5288	0.62168033533549
k__Bacteria|p__Bacteroidetes|c__Bacteroidia|o__Bacteroidales|f__Prevotellaceae|g__Prevotella|s__Prevotella_sp_885	0.4460420856148758	0.0045	-4.5545	0.62168033533549
k__Bacteria|p__Bacteroidetes|c__Bacteroidia|o__Bacteroidales|f__Prevotellaceae|g__Prevotella|s__Prevotella_histicola	0.4913914123022166	-0.002	22.2113	0.62168033533549
k__Bacteria|p__Bacteroidetes|c__Bacteroidia|o__Bacteroidales|f__Prevotellaceae|g__Prevotella|s__Prevotella_multisaccharivorax	0.4913914123022166	-0.002	19.8489	0.62168033533549
k__Bacteria|p__Proteobacteria|c__Gammaproteobacteria|o__Enterobacterales|f__Enterobacteriaceae|g__Kosakonia	0.4913914123022166	-0.002	23.3081	0.62168033533549
k__Bacteria|p__Proteobacteria|c__Gammaproteobacteria|o__Enterobacterales|f__Morganellaceae|g__Proteus|s__Proteus_penneri	0.4913914123022166	-0.002	18.6765	0.62168033533549
k__Bacteria|p__Bacteroidetes|c__Bacteroidia|o__Bacteroidales|f__Prevotellaceae|g__Prevotella|s__Prevotella_oralis	0.4913914123022166	-0.002	15.9445	0.62168033533549
k__Bacteria|p__Proteobacteria|c__Gammaproteobacteria|o__Enterobacterales|f__Enterobacteriaceae|g__Kosakonia|s__Kosakonia_cowanii	0.4913914123022166	-0.002	23.3081	0.62168033533549
k__Bacteria|p__Proteobacteria|c__Betaproteobacteria|o__Burkholderiales	0.4957237156960004	-0.0305	0.1719	0.6257310755706641
k__Bacteria|p__Proteobacteria|c__Betaproteobacteria	0.4957237156960004	-0.0305	0.1719	0.6257310755706641
k__Bacteria|p__Proteobacteria|c__Gammaproteobacteria|o__Enterobacterales|f__Enterobacteriaceae|g__Citrobacter|s__Citrobacter_farmeri	0.5078287304328787	-0.0058	4.2698	0.6402806430400874
k__Bacteria|p__Bacteroidetes|c__Bacteroidia|o__Bacteroidales|f__Bacteroidaceae|g__Bacteroides|s__Bacteroides_dorei	0.5141343711160427	-0.0292	0.2377	0.6474934571393165
k__Bacteria|p__Firmicutes|c__Clostridia|o__Clostridiales|f__Clostridiaceae|g__Clostridium|s__Clostridium_celatum	0.5180304086969301	-0.0057	-1.087	0.6502047451184699
k__Bacteria|p__Fusobacteria|c__Fusobacteriia	0.5186366666121129	0.0127	-0.6152	0.6502047451184699
k__Bacteria|p__Fusobacteria	0.5186366666121129	0.0127	-0.6152	0.6502047451184699
k__Bacteria|p__Fusobacteria|c__Fusobacteriia|o__Fusobacteriales	0.5186366666121129	0.0127	-0.6152	0.6502047451184699
k__Bacteria|p__Bacteroidetes|c__Bacteroidia|o__Bacteroidales|f__Barnesiellaceae|g__Coprobacter|s__Coprobacter_secundus	0.5196631240912069	0.0105	-0.1453	0.6507546135395543
k__Bacteria|p__Firmicutes|c__Clostridia|o__Clostridiales|f__Ruminococcaceae|g__Ruminococcaceae_unclassified|s__Ruminococcaceae_bacterium_D16	0.5214249761698782	-0.0232	1.0996	0.652223105785373
k__Bacteria|p__Firmicutes|c__Negativicutes|o__Veillonellales|f__Veillonellaceae|g__Veillonella|s__Veillonella_parvula	0.5221671213688629	-0.0188	0.4882	0.6524142250060172
k__Bacteria|p__Proteobacteria|c__Gammaproteobacteria|o__Enterobacterales|f__Enterobacteriaceae|g__Raoultella	0.5244598597467148	-0.0056	-6.4844	0.654540095535077
k__Bacteria|p__Firmicutes|c__Clostridia|o__Clostridiales|f__Oscillospiraceae|g__Oscillibacter|s__Oscillibacter_sp_57_20	0.5298090328210183	0.0259	-0.1829	0.6604713956451208
k__Bacteria|p__Proteobacteria|c__Gammaproteobacteria|o__Enterobacterales|f__Morganellaceae|g__Proteus|s__Proteus_mirabilis	0.5343135940854471	-0.0073	-0.3651	0.6653376250310348
k__Bacteria|p__Firmicutes|c__Clostridia|o__Clostridiales|f__Lachnospiraceae|g__Sellimonas|s__Sellimonas_intestinalis	0.5473421891185359	-0.0253	0.5264	0.6800312046624234
k__Bacteria|p__Firmicutes|c__Clostridia|o__Clostridiales|f__Lachnospiraceae|g__Sellimonas	0.5473421891185359	-0.0253	0.5264	0.6800312046624234
k__Bacteria|p__Actinobacteria|c__Coriobacteriia|o__Coriobacteriales|f__Atopobiaceae|g__Atopobium|s__Atopobium_vaginae	0.5502312821252326	0.0047	-0.7794	0.6827620300541011
k__Bacteria|p__Bacteroidetes|c__Bacteroidia|o__Bacteroidales|f__Prevotellaceae|g__Prevotella|s__Prevotella_stercorea	0.5507737062676714	0.008	-1.2619	0.6827620300541011
k__Bacteria|p__Firmicutes|c__Tissierellia|o__Tissierellales|f__Peptoniphilaceae|g__Peptoniphilus|s__Peptoniphilus_harei	0.5520817409346743	-0.0039	7.8699	0.6828541756588653
k__Bacteria|p__Proteobacteria|c__Betaproteobacteria|o__Burkholderiales|f__Comamonadaceae|g__Comamonas|s__Comamonas_kerstersii	0.5520817409346743	-0.0039	7.5319	0.6828541756588653
k__Bacteria|p__Proteobacteria|c__Gammaproteobacteria|o__Enterobacterales|f__Enterobacteriaceae|g__Kluyvera|s__Kluyvera_ascorbata	0.5532278749262654	0.0046	4.0535	0.6835080999368033
k__Bacteria|p__Firmicutes|c__Tissierellia|o__Tissierellales|f__Peptoniphilaceae|g__Parvimonas|s__Parvimonas_micra	0.5538540462089594	-0.0039	4.5061	0.6835188730806222
k__Bacteria|p__Firmicutes|c__Bacilli|o__Lactobacillales|f__Leuconostocaceae|g__Leuconostoc|s__Leuconostoc_citreum	0.5562324442907738	0.0046	3.8036	0.6849269364069929
k__Bacteria|p__Bacteroidetes|c__Bacteroidia|o__Bacteroidales|f__Prevotellaceae|g__Prevotella|s__Prevotella_buccae	0.5556291327146607	-0.0039	2.9687	0.6849269364069929
k__Bacteria|p__Proteobacteria|c__Gammaproteobacteria|o__Enterobacterales|f__Enterobacteriaceae|g__Raoultella|s__Raoultella_ornithinolytica	0.559187616933764	-0.0039	-8.8973	0.6878007688285297
k__Bacteria|p__Actinobacteria|c__Coriobacteriia|o__Eggerthellales|f__Eggerthellaceae|g__Slackia|s__Slackia_isoflavoniconvertens	0.566496642395256	-0.0152	1.1442	0.6960175173491103
k__Bacteria|p__Firmicutes|c__Clostridia|o__Clostridiales|f__Ruminococcaceae|g__Ruminococcus|s__Ruminococcus_bromii	0.5704154763805109	0.0249	0.3355	0.7000553573760816
k__Bacteria|p__Bacteroidetes|c__Bacteroidia|o__Bacteroidales|f__Tannerellaceae|g__Parabacteroides|s__Parabacteroides_johnsonii	0.5728591592946278	0.0127	-0.6323	0.7022758464442448
k__Bacteria|p__Actinobacteria|c__Actinobacteria|o__Actinomycetales|f__Actinomycetaceae|g__Actinomyces|s__Actinomyces_europaeus	0.5955726517573833	0.0022	5.9421	0.7081621111658682
k__Bacteria|p__Firmicutes|c__Bacilli|o__Lactobacillales|f__Lactobacillaceae|g__Lactobacillus|s__Lactobacillus_helveticus	0.592679371586436	0.0022	-2.8217	0.7081621111658682
k__Bacteria|p__Firmicutes|c__Clostridia|o__Clostridiales|f__Ruminococcaceae|g__Ruminococcus|s__Ruminococcus_sp_CAG_624	0.592679371586436	0.0022	-7.9714	0.7081621111658682
k__Bacteria|p__Firmicutes|c__Clostridia|o__Clostridiales|f__Ruminococcaceae|g__Ruminococcus|s__Ruminococcus_sp_CAG_563	0.592679371586436	0.0022	-4.0467	0.7081621111658682
k__Bacteria|p__Firmicutes|c__Bacilli|o__Lactobacillales|f__Lactobacillaceae|g__Pediococcus|s__Pediococcus_argentinicus	0.5955726517573833	0.0022	4.423	0.7081621111658682
k__Bacteria|p__Firmicutes|c__Clostridia|o__Clostridiales|f__Lachnospiraceae|g__Lachnoclostridium|s__Clostridium_bolteae	0.5847334984733302	0.0248	0.1705	0.7081621111658682
k__Bacteria|p__Proteobacteria|c__Gammaproteobacteria|o__Enterobacterales|f__Enterobacteriaceae|g__Enterobacter|s__Enterobacter_mori	0.5955726517573833	0.0022	3.1867	0.7081621111658682
k__Bacteria|p__Bacteroidetes|c__Bacteroidia|o__Bacteroidales|f__Muribaculaceae|g__Muribaculum|s__Muribaculum_intestinale	0.592679371586436	0.0022	-2.5475	0.7081621111658682
k__Bacteria|p__Bacteroidetes|c__Bacteroidia|o__Bacteroidales|f__Muribaculaceae|g__Muribaculum	0.592679371586436	0.0022	-2.5475	0.7081621111658682
k__Bacteria|p__Bacteroidetes|c__Bacteroidia|o__Bacteroidales|f__Muribaculaceae	0.592679371586436	0.0022	-2.5475	0.7081621111658682
k__Bacteria|p__Bacteroidetes|c__Bacteroidia|o__Bacteroidales|f__Bacteroidaceae|g__Bacteroides|s__Bacteroides_sp_CAG_530	0.5955726517573833	0.0022	2.5683	0.7081621111658682
k__Bacteria|p__Proteobacteria|c__Epsilonproteobacteria|o__Campylobacterales|f__Campylobacteraceae|g__Campylobacter|s__Campylobacter_concisus	0.592679371586436	0.0022	-1.7822	0.7081621111658682
k__Bacteria|p__Bacteroidetes|c__Bacteroidia|o__Bacteroidales|f__Dysgonamonadaceae|g__Dysgonomonas	0.5955726517573833	0.0022	3.5906	0.7081621111658682
k__Bacteria|p__Bacteroidetes|c__Bacteroidia|o__Bacteroidales|f__Dysgonamonadaceae	0.5955726517573833	0.0022	3.5906	0.7081621111658682
k__Bacteria|p__Proteobacteria|c__Gammaproteobacteria|o__Aeromonadales|f__Aeromonadaceae|g__Aeromonas	0.592679371586436	0.0022	-2.2736	0.7081621111658682
k__Bacteria|p__Actinobacteria|c__Coriobacteriia|o__Eggerthellales|f__Eggerthellaceae|g__Asaccharobacter|s__Asaccharobacter_celatus	0.5819267787678417	0.0251	-0.1965	0.7081621111658682
k__Bacteria|p__Actinobacteria|c__Coriobacteriia|o__Eggerthellales|f__Eggerthellaceae|g__Asaccharobacter	0.5819267787678417	0.0251	-0.1965	0.7081621111658682
k__Bacteria|p__Proteobacteria|c__Gammaproteobacteria|o__Aeromonadales|f__Aeromonadaceae	0.592679371586436	0.0022	-2.2736	0.7081621111658682
k__Bacteria|p__Proteobacteria|c__Betaproteobacteria|o__Burkholderiales|f__Alcaligenaceae|g__Oligella	0.5955726517573833	0.0022	12.6282	0.7081621111658682
k__Bacteria|p__Firmicutes|c__Bacilli|o__Bacillales|f__Bacillaceae|g__Bacillus|s__Bacillus_coagulans	0.5955726517573833	0.0022	2.144	0.7081621111658682
k__Bacteria|p__Firmicutes|c__Negativicutes|o__Veillonellales|f__Veillonellaceae|g__Megasphaera|s__Megasphaera_stantonii	0.592679371586436	0.0022	-2.2768	0.7081621111658682
k__Bacteria|p__Proteobacteria|c__Betaproteobacteria|o__Burkholderiales|f__Alcaligenaceae|g__Oligella|s__Oligella_urethralis	0.5955726517573833	0.0022	12.6282	0.7081621111658682
k__Bacteria|p__Proteobacteria|c__Gammaproteobacteria|o__Pseudomonadales|f__Pseudomonadaceae|g__Pseudomonas|s__Pseudomonas_fragi	0.592679371586436	0.0022	-5.2059	0.7081621111658682
k__Bacteria|p__Firmicutes|c__Clostridia|o__Clostridiales|f__Clostridiaceae|g__Clostridium|s__Clostridium_butyricum	0.592679371586436	0.0022	-3.0686	0.7081621111658682
k__Bacteria|p__Firmicutes|c__Bacilli|o__Lactobacillales|f__Carnobacteriaceae	0.5955726517573833	0.0022	4.6222	0.7081621111658682
k__Bacteria|p__Firmicutes|c__Clostridia|o__Clostridiales|f__Clostridiaceae|g__Clostridium|s__Clostridium_sp_CAG_632	0.5955726517573833	0.0022	0.0842	0.7081621111658682
k__Bacteria|p__Firmicutes|c__Clostridia|o__Clostridiales|f__Clostridiaceae|g__Clostridium|s__Clostridium_cadaveris	0.5955726517573833	0.0022	1.1131	0.7081621111658682
k__Bacteria|p__Firmicutes|c__Negativicutes|o__Selenomonadales|f__Selenomonadaceae|g__Mitsuokella|s__Mitsuokella_jalaludinii	0.592679371586436	0.0022	-1.346	0.7081621111658682
k__Bacteria|p__Fusobacteria|c__Fusobacteriia|o__Fusobacteriales|f__Fusobacteriaceae|g__Fusobacterium|s__Fusobacterium_ulcerans	0.6006777375121682	0.0049	-0.5819	0.7134659392982513
k__Bacteria|p__Firmicutes|c__Firmicutes_unclassified|o__Firmicutes_unclassified|f__Firmicutes_unclassified|g__Firmicutes_unclassified|s__Firmicutes_bacterium_CAG_83	0.603338873773248	-0.0226	0.5888	0.7158586637373907
k__Bacteria|p__Firmicutes|c__Clostridia|o__Clostridiales|f__Oscillospiraceae|g__Oscillibacter|s__Oscillibacter_sp_PC13	0.6111794720320369	0.0047	0.7007	0.7243850915840095
k__Bacteria|p__Firmicutes|c__Bacilli|o__Bacillales|f__Bacillales_unclassified	0.6145288747627635	0.0145	-0.2032	0.7267985730367299
k__Bacteria|p__Firmicutes|c__Bacilli|o__Bacillales|f__Bacillales_unclassified|g__Gemella	0.6145288747627635	0.0145	-0.2032	0.7267985730367299
k__Bacteria|p__Firmicutes|c__Clostridia|o__Clostridiales|f__Ruminococcaceae|g__Ruminococcus|s__Ruminococcus_obeum_CAG_39	0.6205107662860614	-0.0068	-1.382	0.7330900942141622
k__Bacteria|p__Actinobacteria|c__Actinobacteria|o__Actinomycetales|f__Actinomycetaceae|g__Actinomyces|s__Actinomyces_sp_HMSC035G02	0.6217436482088624	0.0168	0.2899	0.7337635592400966
k__Bacteria|p__Firmicutes|c__Clostridia|o__Clostridiales|f__Clostridiales_Family_XIII_Incertae_Sedis|g__Clostridiales_Family_XIII_Incertae_Sedis_unclassified	0.6268108778523088	-0.0075	4.315	0.7389559550399424
k__Bacteria|p__Firmicutes|c__Clostridia|o__Clostridiales|f__Clostridiaceae|g__Clostridium|s__Butyribacterium_methylotrophicum	0.6301569689628802	0.0051	-0.5109	0.7421103879169239
k__Bacteria|p__Firmicutes|c__Negativicutes|o__Veillonellales|f__Veillonellaceae|g__Megasphaera|s__Megasphaera_elsdenii	0.6347445599328057	-0.0054	1.6059	0.7460606762202533
k__Bacteria|p__Firmicutes|c__Clostridia|o__Clostridiales|f__Ruminococcaceae|g__Anaerotruncus|s__Anaerotruncus_sp_CAG_528	0.6348592204150665	0.005	-0.0843	0.7460606762202533
k__Bacteria|p__Firmicutes|c__Bacilli|o__Lactobacillales|f__Streptococcaceae|g__Streptococcus|s__Streptococcus_sanguinis	0.6370161747285514	0.0128	-0.7584	0.7478015964204734
k__Bacteria|p__Firmicutes|c__Bacilli|o__Lactobacillales|f__Streptococcaceae|g__Streptococcus|s__Streptococcus_sp_F0442	0.6390360193243789	-0.0068	0.338	0.7493780438475502
k__Bacteria|p__Firmicutes|c__Bacilli|o__Lactobacillales|f__Lactobacillaceae|g__Lactobacillus|s__Lactobacillus_johnsonii	0.6413442769501903	-0.0053	-0.2113	0.7512890101416515
k__Bacteria|p__Firmicutes|c__Clostridia|o__Clostridiales|f__Ruminococcaceae|g__Ruminococcus|s__Ruminococcus_sp_CAG_330	0.6479724595092369	-0.0052	-0.4957	0.7577472251325829
k__Bacteria|p__Actinobacteria|c__Coriobacteriia|o__Eggerthellales|f__Eggerthellaceae|g__Adlercreutzia	0.6489109028235669	0.0208	-0.1349	0.7577472251325829
k__Bacteria|p__Actinobacteria|c__Coriobacteriia|o__Eggerthellales|f__Eggerthellaceae|g__Adlercreutzia|s__Adlercreutzia_equolifaciens	0.6489109028235669	0.0208	-0.1349	0.7577472251325829
k__Bacteria|p__Firmicutes|c__Clostridia|o__Clostridiales|f__Lachnospiraceae|g__Lachnoclostridium|s__Lachnoclostridium_sp_An14	0.6506681151017523	0.0053	-3.1314	0.7589985283642147
k__Bacteria|p__Proteobacteria|c__Gammaproteobacteria|o__Enterobacterales|f__Enterobacteriaceae|g__Citrobacter|s__Citrobacter_braakii	0.6571827933843228	-0.0037	2.664	0.7657908971331004
k__Bacteria|p__Actinobacteria|c__Actinobacteria|o__Propionibacteriales|f__Propionibacteriaceae|g__Propionibacterium	0.6588417596863893	-0.009	0.8611	0.7669167486570272
k__Bacteria|p__Firmicutes|c__Erysipelotrichia|o__Erysipelotrichales|f__Erysipelotrichaceae|g__Massiliomicrobiota|s__Massiliomicrobiota_timonensis	0.6610590802107907	-0.0067	0.7581	0.7675470285953085
k__Bacteria|p__Firmicutes|c__Erysipelotrichia|o__Erysipelotrichales|f__Erysipelotrichaceae|g__Massiliomicrobiota	0.6610590802107907	-0.0067	0.7581	0.7675470285953085
k__Bacteria|p__Bacteroidetes|c__Bacteroidia|o__Bacteroidales|f__Bacteroidaceae|g__Bacteroides|s__Bacteroides_plebeius	0.6614632929357944	0.0132	-1.5374	0.7675470285953085
k__Bacteria|p__Firmicutes|c__Clostridia|o__Clostridiales|f__Ruminococcaceae|g__Pseudoflavonifractor|s__Pseudoflavonifractor_capillosus	0.6650963186040015	0.0089	-0.7827	0.770954580832073
k__Bacteria|p__Bacteroidetes|c__Bacteroidia|o__Bacteroidales|f__Bacteroidaceae|g__Bacteroides|s__Bacteroides_clarus	0.6668393022408274	-0.0066	-1.7315	0.772166430523636
k__Bacteria|p__Firmicutes|c__Bacilli|o__Lactobacillales|f__Leuconostocaceae|g__Leuconostoc|s__Leuconostoc_gelidum	0.6701242395453247	0.005	2.4394	0.7743502433994515
k__Bacteria|p__Actinobacteria|c__Actinobacteria|o__Actinomycetales|f__Actinomycetaceae|g__Actinomyces|s__Actinomyces_graevenitzii	0.6699053499601118	-0.0146	0.2206	0.7743502433994515
k__Bacteria|p__Bacteroidetes|c__Bacteroidia|o__Bacteroidales|f__Prevotellaceae|g__Prevotella|s__Prevotella_sp_CAG_1185	0.6710916269103216	0.0054	4.5822	0.7746594692280773
k__Bacteria|p__Firmicutes|c__Clostridia|o__Clostridiales|f__Lachnospiraceae|g__Blautia|s__Blautia_sp_An249	0.6718158824233861	0.0074	-0.6451	0.774687689419467
k__Bacteria|p__Actinobacteria|c__Actinobacteria|o__Actinomycetales|f__Actinomycetaceae|g__Actinomyces|s__Actinomyces_sp_S6_Spd3	0.6808296693380557	-0.0051	-0.0375	0.7842647699867092
k__Bacteria|p__Firmicutes|c__Bacilli|o__Lactobacillales|f__Leuconostocaceae|g__Weissella|s__Weissella_confusa	0.681862751128338	-0.0051	-1.8031	0.7846383217246052
k__Bacteria|p__Actinobacteria|c__Actinobacteria|o__Bifidobacteriales|f__Bifidobacteriaceae|g__Bifidobacterium|s__Bifidobacterium_animalis	0.6857739447563376	0.0095	0.3772	0.785989768991191
k__Bacteria|p__Proteobacteria|c__Epsilonproteobacteria|o__Campylobacterales|f__Campylobacteraceae	0.6865872688477703	-0.0065	1.094	0.785989768991191
k__Bacteria|p__Proteobacteria|c__Epsilonproteobacteria|o__Campylobacterales	0.6865872688477703	-0.0065	1.094	0.785989768991191
k__Bacteria|p__Proteobacteria|c__Epsilonproteobacteria	0.6865872688477703	-0.0065	1.094	0.785989768991191
k__Bacteria|p__Proteobacteria|c__Epsilonproteobacteria|o__Campylobacterales|f__Campylobacteraceae|g__Campylobacter	0.6865872688477703	-0.0065	1.094	0.785989768991191
k__Bacteria|p__Bacteroidetes|c__Bacteroidia|o__Bacteroidales|f__Rikenellaceae|g__Alistipes|s__Alistipes_shahii	0.688242163758551	-0.0179	0.0639	0.787070325703219
k__Bacteria|p__Firmicutes|c__Clostridia|o__Clostridiales|f__Lachnospiraceae|g__Anaerostipes|s__Anaerostipes_caccae	0.6921394945253232	0.0122	0.0716	0.7907104442100441
k__Bacteria|p__Firmicutes|c__Clostridia|o__Clostridiales|f__Clostridiales_Family_XIII_Incertae_Sedis|g__Clostridiales_Family_XIII_Incertae_Sedis_unclassified|s__Eubacterium_sulci	0.70479801846943	0.0052	1.6052	0.8039926086880307
k__Bacteria|p__Firmicutes|c__Bacilli|o__Lactobacillales|f__Streptococcaceae|g__Streptococcus|s__Streptococcus_sp_HPH0090	0.7097820053236679	0.0025	-1.4815	0.8039926086880307
k__Bacteria|p__Firmicutes|c__Clostridia|o__Clostridiales|f__Clostridiaceae|g__Clostridium|s__Clostridium_sp_CAG_242	0.7111872776055848	0.0113	-0.7065	0.8039926086880307
k__Bacteria|p__Actinobacteria|c__Actinobacteria|o__Actinomycetales|f__Actinomycetaceae|g__Actinomyces|s__Actinomyces_sp_oral_taxon_170	0.7078109802311452	0.0025	-2.1446	0.8039926086880307
k__Bacteria|p__Actinobacteria|c__Actinobacteria|o__Corynebacteriales|f__Corynebacteriaceae|g__Corynebacterium|s__Corynebacterium_argentoratense	0.7084877886460784	-0.0036	2.5217	0.8039926086880307
k__Bacteria|p__Firmicutes|c__Bacilli|o__Lactobacillales|f__Lactobacillaceae|g__Lactobacillus|s__Lactobacillus_algidus	0.7097820053236679	0.0025	-2.1555	0.8039926086880307
k__Bacteria|p__Actinobacteria|c__Coriobacteriia|o__Eggerthellales|f__Eggerthellaceae|g__Denitrobacterium|s__Denitrobacterium_detoxificans	0.7117549742676333	0.0024	-1.2543	0.8039926086880307
k__Bacteria|p__Bacteroidetes|c__Bacteroidia|o__Bacteroidales|f__Bacteroidaceae|g__Bacteroides|s__Bacteroides_nordii	0.7074991268948607	0.0093	0.442	0.8039926086880307
k__Bacteria|p__Actinobacteria|c__Coriobacteriia|o__Eggerthellales|f__Eggerthellaceae|g__Denitrobacterium	0.7117549742676333	0.0024	-1.2543	0.8039926086880307
k__Bacteria|p__Firmicutes|c__Erysipelotrichia|o__Erysipelotrichales|f__Erysipelotrichaceae|g__Candidatus_Stoquefichus	0.7112563597107631	0.0112	0.0237	0.8039926086880307
k__Bacteria|p__Firmicutes|c__Erysipelotrichia|o__Erysipelotrichales|f__Erysipelotrichaceae|g__Candidatus_Stoquefichus|s__Candidatus_Stoquefichus_sp_KLE1796	0.7112563597107631	0.0112	0.0237	0.8039926086880307
k__Bacteria|p__Firmicutes|c__Firmicutes_unclassified|o__Firmicutes_unclassified|f__Firmicutes_unclassified|g__Firmicutes_unclassified|s__Firmicutes_bacterium_CAG_95	0.7182447479423728	0.007	0.7045	0.8104963669441454
k__Bacteria|p__Firmicutes|c__Bacilli|o__Bacillales|f__Staphylococcaceae|g__Staphylococcus|s__Staphylococcus_epidermidis	0.7196660492048048	0.0024	2.4114	0.8112732346942149
k__Bacteria|p__Bacteroidetes|c__Bacteroidia|o__Bacteroidales|f__Prevotellaceae|g__Prevotella|s__Prevotella_sp_CAG_520	0.721873863026154	-0.0035	-0.7312	0.8129342485960859
k__Bacteria|p__Firmicutes|c__Clostridia|o__Clostridiales|f__Clostridiales_unclassified|g__Clostridiales_unclassified|s__Clostridiales_bacterium_1_7_47FAA	0.7266562264725578	0.0116	0.1432	0.8173284494957423
k__Bacteria|p__Firmicutes|c__Clostridia|o__Clostridiales|f__Ruminococcaceae|g__Gemmiger|s__Gemmiger_sp_An87	0.727252504745534	-0.0034	0.3288	0.8173284494957423
k__Bacteria|p__Firmicutes|c__Clostridia|o__Clostridiales|f__Lachnospiraceae|g__Butyrivibrio	0.7286043131027969	-0.0046	0.2256	0.8180172156235256
k__Bacteria|p__Firmicutes|c__Clostridia|o__Clostridiales|f__Lachnospiraceae|g__Lachnoclostridium|s__Clostridium_aldenense	0.73385722339033	0.0124	-0.209	0.8230799861125586
k__Bacteria|p__Firmicutes|c__Clostridia|o__Clostridiales|f__Lachnospiraceae|g__Lachnoclostridium|s__Clostridium_lavalense	0.7351192555468913	0.0149	0.3158	0.8236609472574986
k__Bacteria|p__Firmicutes|c__Bacilli|o__Lactobacillales|f__Streptococcaceae|g__Streptococcus|s__Streptococcus_parasanguinis	0.7416510716039756	-0.0151	-0.294	0.8301392682159767
k__Bacteria|p__Firmicutes|c__Clostridia|o__Clostridiales|f__Eubacteriaceae|g__Pseudoramibacter|s__Pseudoramibacter_alactolyticus	0.751509671025166	-0.0019	4.4375	0.8319064999834856
k__Bacteria|p__Bacteroidetes|c__Bacteroidia|o__Bacteroidales|f__Prevotellaceae|g__Prevotella|s__Prevotella_sp_CAG_873	0.7560053649353086	-0.0018	1.4756	0.8319064999834856
k__Eukaryota|p__Ascomycota|c__Saccharomycetes|o__Saccharomycetales|f__Saccharomycetaceae|g__Saccharomyces	0.7497622808727995	0.0027	-0.5138	0.8319064999834856
k__Eukaryota|p__Ascomycota|c__Saccharomycetes|o__Saccharomycetales|f__Saccharomycetaceae	0.7497622808727995	0.0027	-0.5138	0.8319064999834856
k__Eukaryota|p__Ascomycota|c__Saccharomycetes|o__Saccharomycetales|f__Saccharomycetaceae|g__Saccharomyces|s__Saccharomyces_cerevisiae	0.7497622808727995	0.0027	-0.5138	0.8319064999834856
k__Bacteria|p__Firmicutes|c__Clostridia|o__Clostridiales|f__Ruminococcaceae|g__Ruminococcaceae_unclassified|s__Eubacterium_siraeum	0.7550151236115424	0.0141	-0.3955	0.8319064999834856
k__Bacteria|p__Bacteroidetes|c__Bacteroidia|o__Bacteroidales|f__Bacteroidaceae|g__Bacteroides|s__Bacteroides_fragilis	0.7532726698605803	0.0128	-0.0401	0.8319064999834856
k__Bacteria|p__Firmicutes|c__Clostridia|o__Clostridiales|f__Eubacteriaceae|g__Pseudoramibacter	0.751509671025166	-0.0019	4.4375	0.8319064999834856
k__Bacteria|p__Firmicutes|c__Bacilli|o__Lactobacillales|f__Leuconostocaceae|g__Leuconostoc|s__Leuconostoc_lactis	0.7537564746255818	-0.0019	2.409	0.8319064999834856
k__Bacteria|p__Firmicutes|c__Bacilli|o__Lactobacillales|f__Lactobacillaceae|g__Lactobacillus|s__Lactobacillus_kalixensis	0.751509671025166	-0.0019	2.5642	0.8319064999834856
k__Bacteria|p__Proteobacteria|c__Epsilonproteobacteria|o__Campylobacterales|f__Campylobacteraceae|g__Campylobacter|s__Campylobacter_hominis	0.7560053649353086	-0.0018	0.4063	0.8319064999834856
k__Bacteria|p__Proteobacteria|c__Gammaproteobacteria|o__Aeromonadales|f__Succinivibrionaceae|g__Succinatimonas|s__Succinatimonas_hippei	0.7537564746255818	-0.0019	0.7319	0.8319064999834856
k__Bacteria|p__Proteobacteria|c__Gammaproteobacteria|o__Enterobacterales|f__Enterobacteriaceae|g__Citrobacter|s__Citrobacter_werkmanii	0.7497622808727995	0.0027	0.2661	0.8319064999834856
k__Bacteria|p__Proteobacteria|c__Gammaproteobacteria|o__Enterobacterales|f__Enterobacteriaceae|g__Citrobacter|s__Citrobacter_pasteurii	0.751509671025166	-0.0019	1.9071	0.8319064999834856
k__Bacteria|p__Proteobacteria|c__Gammaproteobacteria|o__Aeromonadales|f__Succinivibrionaceae|g__Succinatimonas	0.7537564746255818	-0.0019	0.7319	0.8319064999834856
k__Bacteria|p__Proteobacteria|c__Gammaproteobacteria|o__Enterobacterales|f__Enterobacteriaceae|g__Citrobacter|s__Citrobacter_koseri	0.751509671025166	-0.0019	3.9195	0.8319064999834856
k__Bacteria|p__Firmicutes|c__Clostridia|o__Clostridiales|f__Clostridiaceae|g__Butyricicoccus|s__Butyricicoccus_porcorum	0.751509671025166	-0.0019	5.1179	0.8319064999834856
k__Bacteria|p__Firmicutes|c__Clostridia|o__Clostridiales|f__Clostridiaceae|g__Clostridium|s__Clostridium_ventriculi	0.7582563241790871	-0.0018	-1.7077	0.8335548667986588
k__Bacteria|p__Proteobacteria|c__Gammaproteobacteria|o__Enterobacterales|f__Enterobacteriaceae|g__Kluyvera	0.7593285898463118	0.0026	4.25	0.8339055049205032
k__Bacteria|p__Bacteroidetes|c__Bacteroidia|o__Bacteroidales|f__Bacteroidaceae|g__Bacteroides|s__Bacteroides_sp_D2	0.7627714142680194	-0.0033	3.1932	0.8368562493505426
k__Bacteria|p__Bacteroidetes|c__Bacteroidia|o__Bacteroidales|f__Bacteroidaceae|g__Bacteroides|s__Bacteroides_ovatus	0.7638847944094312	0.0138	-0.3329	0.8372479875358816
k__Eukaryota|p__Ascomycota|c__Saccharomycetes|o__Saccharomycetales	0.7693749427420393	0.0029	-0.6161	0.8399389167805104
k__Eukaryota|p__Ascomycota|c__Saccharomycetes	0.7693749427420393	0.0029	-0.6161	0.8399389167805104
k__Bacteria|p__Firmicutes|c__Bacilli|o__Lactobacillales|f__Streptococcaceae|g__Streptococcus|s__Streptococcus_milleri	0.7676332820770477	-0.0032	0.0866	0.8399389167805104
k__Eukaryota|p__Ascomycota	0.7693749427420393	0.0029	-0.6161	0.8399389167805104
k__Bacteria|p__Firmicutes|c__Clostridia|o__Clostridiales|f__Lachnospiraceae|g__Butyrivibrio|s__Butyrivibrio_crossotus	0.7718949377509473	0.0032	-0.4709	0.8418597991037425
k__Bacteria|p__Firmicutes|c__Bacilli|o__Lactobacillales|f__Streptococcaceae|g__Streptococcus|s__Streptococcus_gordonii	0.773787622144671	-0.0096	0.5121	0.8430934032619595
k__Bacteria|p__Firmicutes|c__Clostridia|o__Clostridiales|f__Peptostreptococcaceae|g__Peptostreptococcus	0.784820841324888	-0.0033	2.8223	0.8542740131235507
k__Bacteria|p__Actinobacteria|c__Actinobacteria|o__Propionibacteriales|f__Propionibacteriaceae|g__Propionibacterium|s__Propionibacterium_freudenreichii	0.7883870358300723	0.0048	0.5035	0.8573128179409528
k__Bacteria|p__Firmicutes|c__Clostridia|o__Clostridiales|f__Ruminococcaceae|g__Anaerofilum|s__Anaerofilum_sp_An201	0.7993320699957458	-0.0031	-2.0606	0.8667043504799717
k__Bacteria|p__Firmicutes|c__Clostridia|o__Clostridiales|f__Lachnospiraceae|g__Dorea|s__Dorea_sp_CAG_317	0.7993723051852314	0.0113	0.1502	0.8667043504799717
k__Bacteria|p__Firmicutes|c__Clostridia|o__Clostridiales|f__Ruminococcaceae|g__Anaerofilum	0.7993320699957458	-0.0031	-2.0606	0.8667043504799717
k__Bacteria|p__Firmicutes|c__Clostridia|o__Clostridiales|f__Clostridiaceae|g__Clostridium|s__Clostridium_perfringens	0.8026908790018532	-0.003	0.4271	0.8694508836155103
k__Bacteria|p__Proteobacteria|c__Epsilonproteobacteria|o__Campylobacterales|f__Campylobacteraceae|g__Campylobacter|s__Campylobacter_gracilis	0.8044631966773537	0.0032	0.3602	0.8705188257300396
k__Bacteria|p__Actinobacteria|c__Coriobacteriia|o__Eggerthellales|f__Eggerthellaceae|g__Enterorhabdus|s__Enterorhabdus_caecimuris	0.8107334356329867	-0.0102	0.0049	0.8753959477007736
k__Bacteria|p__Firmicutes|c__Erysipelotrichia|o__Erysipelotrichales|f__Erysipelotrichaceae|g__Erysipelatoclostridium|s__Erysipelatoclostridium_ramosum	0.8113425856738877	0.0094	0.3106	0.8753959477007736
k__Bacteria|p__Actinobacteria|c__Coriobacteriia|o__Eggerthellales|f__Eggerthellaceae|g__Enterorhabdus	0.8107334356329867	-0.0102	0.0049	0.8753959477007736
k__Bacteria|p__Firmicutes|c__Negativicutes|o__Acidaminococcales|f__Acidaminococcaceae|g__Phascolarctobacterium|s__Phascolarctobacterium_sp_CAG_266	0.817744407820599	0.0038	0.3999	0.8814440695787762
k__Bacteria|p__Firmicutes|c__Clostridia|o__Clostridiales|f__Lachnospiraceae|g__Blautia|s__Blautia_sp_N6H1_15	0.8260451333463359	0.0052	0.4482	0.8895252554614725
k__Bacteria|p__Proteobacteria|c__Gammaproteobacteria|o__Aeromonadales|f__Succinivibrionaceae	0.8269881811243294	-0.0017	1.6411	0.8896753318801095
k__Bacteria|p__Firmicutes|c__Clostridia|o__Clostridiales|f__Lachnospiraceae|g__Lachnoclostridium|s__Clostridium_clostridioforme	0.8375354421237556	-0.0088	0.9213	0.8976149505924292
k__Bacteria|p__Firmicutes|c__Tissierellia|o__Tissierellales|f__Peptoniphilaceae|g__Peptoniphilus|s__Peptoniphilus_coxii	0.8374817025291159	-0.0016	0.1145	0.8976149505924292
k__Bacteria|p__Proteobacteria|c__Gammaproteobacteria|o__Enterobacterales|f__Hafniaceae	0.8392334903912956	-0.0016	-1.5365	0.8976149505924292
k__Bacteria|p__Proteobacteria|c__Gammaproteobacteria|o__Enterobacterales|f__Hafniaceae|g__Hafnia	0.8392334903912956	-0.0016	-1.5365	0.8976149505924292
k__Bacteria|p__Proteobacteria|c__Gammaproteobacteria|o__Enterobacterales|f__Hafniaceae|g__Hafnia|s__Hafnia_paralvei	0.8392334903912956	-0.0016	-1.5365	0.8976149505924292
k__Bacteria|p__Firmicutes|c__Clostridia|o__Clostridiales|f__Ruminococcaceae|g__Gemmiger|s__Gemmiger_formicilis	0.8357941396141008	0.0091	-0.2598	0.8976149505924292
k__Bacteria|p__Proteobacteria|c__Gammaproteobacteria|o__Enterobacterales|f__Enterobacteriaceae|g__Enterobacter	0.8438597337709536	-0.0028	0.3148	0.9016918197726309
k__Bacteria|p__Firmicutes|c__Erysipelotrichia|o__Erysipelotrichales|f__Erysipelotrichaceae|g__Absiella	0.8571573349166502	0.0052	0.1616	0.9141360016885663
k__Bacteria|p__Firmicutes|c__Erysipelotrichia|o__Erysipelotrichales|f__Erysipelotrichaceae|g__Absiella|s__Absiella_dolichum	0.8571573349166502	0.0052	0.1616	0.9141360016885663
k__Bacteria|p__Firmicutes|c__Clostridia|o__Clostridiales|f__Peptostreptococcaceae|g__Intestinibacter	0.85955302688489	-0.0065	-0.0697	0.9149280776553589
k__Bacteria|p__Firmicutes|c__Clostridia|o__Clostridiales|f__Peptostreptococcaceae|g__Intestinibacter|s__Intestinibacter_bartlettii	0.85955302688489	-0.0065	-0.0697	0.9149280776553589
k__Bacteria|p__Firmicutes|c__Clostridia|o__Clostridiales|f__Lachnospiraceae|g__Coprococcus|s__Coprococcus_eutactus	0.8644551291255972	-0.0037	-0.5814	0.9174993556491238
k__Bacteria|p__Actinobacteria|c__Actinobacteria|o__Bifidobacteriales|f__Bifidobacteriaceae|g__Gardnerella|s__Gardnerella_vaginalis	0.8642003918807912	-0.0016	2.5386	0.9174993556491238
k__Bacteria|p__Actinobacteria|c__Actinobacteria|o__Bifidobacteriales|f__Bifidobacteriaceae|g__Gardnerella	0.8642003918807912	-0.0016	2.5386	0.9174993556491238
k__Bacteria|p__Firmicutes|c__Clostridia|o__Clostridiales|f__Peptostreptococcaceae|g__Peptostreptococcus|s__Peptostreptococcus_stomatis	0.8656784380680567	-0.0016	3.0464	0.9179176541583705
k__Bacteria|p__Firmicutes|c__Clostridia|o__Clostridiales|f__Clostridiaceae|g__Clostridium|s__Clostridium_sp_CAG_413	0.8701153760788339	-0.0015	1.0823	0.9217394462385351
k__Bacteria|p__Firmicutes|c__Clostridia|o__Clostridiales|f__Clostridiales_unclassified|g__Clostridiales_unclassified	0.8818996037373443	-0.0051	0.118	0.9325093571613586
k__Bacteria|p__Firmicutes|c__Bacilli|o__Lactobacillales|f__Lactobacillaceae|g__Lactobacillus|s__Lactobacillus_sakei	0.8819668445780872	-0.0014	-1.5696	0.9325093571613586
k__Bacteria|p__Firmicutes|c__Clostridia|o__Clostridiales|f__Lachnospiraceae|g__Coprococcus|s__Coprococcus_comes	0.8923289459264141	-0.0058	-0.052	0.9425650220806684
k__Bacteria|p__Firmicutes|c__Clostridia|o__Clostridiales|f__Lachnospiraceae|g__Roseburia|s__Roseburia_sp_CAG_182	0.9033513832349754	0.002	0.1381	0.952390458324874
k__Bacteria|p__Bacteroidetes|c__Bacteroidia|o__Bacteroidales|f__Bacteroidaceae|g__Bacteroides|s__Bacteroides_sp_CAG_144	0.9027736732384857	-0.002	-0.0422	0.952390458324874
k__Bacteria|p__Bacteroidetes|c__Bacteroidia|o__Bacteroidales|f__Rikenellaceae|g__Alistipes|s__Alistipes_onderdonkii	0.9106249778718828	-0.0028	1.7196	0.9591454334007367
k__Bacteria|p__Firmicutes|c__Bacilli|o__Bacillales	0.9191203024569147	-0.0031	1.8944	0.9671731699808027
k__Bacteria|p__Firmicutes|c__Clostridia|o__Clostridiales|f__Lachnospiraceae|g__Blautia|s__Blautia_obeum	0.9233309839838566	0.0044	0.0702	0.9706812908548237
k__Bacteria|p__Firmicutes|c__Bacilli|o__Bacillales|f__Bacillales_unclassified|g__Gemella|s__Gemella_haemolysans	0.9282202907914953	0.001	0.6026	0.9748955046548248
k__Bacteria|p__Proteobacteria|c__Betaproteobacteria|o__Burkholderiales|f__Sutterellaceae|g__Parasutterella	0.9313839999458717	-0.0038	-0.1764	0.9763656135796213
k__Bacteria|p__Proteobacteria|c__Betaproteobacteria|o__Burkholderiales|f__Sutterellaceae|g__Parasutterella|s__Parasutterella_excrementihominis	0.9313839999458717	-0.0038	-0.1764	0.9763656135796213
k__Bacteria|p__Firmicutes|c__Bacilli|o__Lactobacillales|f__Lactobacillaceae|g__Lactobacillus|s__Lactobacillus_mucosae	0.9518513878060588	0.0005	0.5114	0.9785405584537576
k__Bacteria|p__Firmicutes|c__Bacilli|o__Lactobacillales|f__Lactobacillaceae|g__Lactobacillus|s__Lactobacillus_rogosae	0.9360283370818134	-0.0018	0.0231	0.9785405584537576
k__Bacteria|p__Firmicutes|c__Bacilli|o__Lactobacillales|f__Lactobacillaceae|g__Lactobacillus|s__Lactobacillus_amylovorus	0.9686750709355629	0.0002	-2.191	0.9785405584537576
k__Eukaryota|p__Ascomycota|c__Saccharomycetes|o__Saccharomycetales|f__Debaryomycetaceae|g__Candida|s__Candida_albicans	0.9686750709355629	0.0002	-0.6223	0.9785405584537576
k__Bacteria|p__Firmicutes|c__Bacilli|o__Lactobacillales|f__Streptococcaceae|g__Streptococcus|s__Streptococcus_downei	0.971397755144247	0.0002	4.546	0.9785405584537576
k__Bacteria|p__Actinobacteria|c__Actinobacteria|o__Actinomycetales|f__Actinomycetaceae|g__Actinomyces|s__Actinomyces_radicidentis	0.9686750709355629	0.0002	-1.5468	0.9785405584537576
k__Eukaryota|p__Ascomycota|c__Saccharomycetes|o__Saccharomycetales|f__Debaryomycetaceae|g__Candida	0.9686750709355629	0.0002	-0.6223	0.9785405584537576
k__Bacteria|p__Firmicutes|c__Bacilli|o__Lactobacillales|f__Streptococcaceae|g__Streptococcus|s__Streptococcus_infantarius	0.971397755144247	0.0002	-0.4384	0.9785405584537576
k__Bacteria|p__Firmicutes|c__Bacilli|o__Lactobacillales|f__Lactobacillaceae|g__Lactobacillus|s__Lactobacillus_farciminis	0.974120772733551	0.0002	6.9741	0.9785405584537576
k__Eukaryota|p__Ascomycota|c__Saccharomycetes|o__Saccharomycetales|f__Debaryomycetaceae	0.9686750709355629	0.0002	-0.6223	0.9785405584537576
k__Bacteria|p__Fusobacteria|c__Fusobacteriia|o__Fusobacteriales|f__Fusobacteriaceae|g__Fusobacterium|s__Fusobacterium_naviforme	0.971397755144247	0.0002	0.1398	0.9785405584537576
k__Bacteria|p__Firmicutes|c__Clostridia|o__Clostridiales|f__Clostridiaceae|g__Clostridium|s__Clostridium_sp_chh4_2	0.9701897689441793	0.0006	-0.7221	0.9785405584537576
k__Bacteria|p__Actinobacteria|c__Actinobacteria|o__Corynebacteriales|f__Corynebacteriaceae|g__Corynebacterium|s__Corynebacterium_coyleae	0.974120772733551	0.0002	13.1777	0.9785405584537576
k__Bacteria|p__Proteobacteria|c__Gammaproteobacteria|o__Aeromonadales|f__Succinivibrionaceae|g__Anaerobiospirillum|s__Anaerobiospirillum_thomasii	0.974120772733551	0.0002	4.3014	0.9785405584537576
k__Bacteria|p__Proteobacteria|c__Gammaproteobacteria|o__Aeromonadales|f__Succinivibrionaceae|g__Anaerobiospirillum	0.974120772733551	0.0002	4.3014	0.9785405584537576
k__Bacteria|p__Proteobacteria|c__Gammaproteobacteria|o__Aeromonadales	0.9502747576888236	0.0006	-1.2476	0.9785405584537576
k__Bacteria|p__Firmicutes|c__Clostridia|o__Clostridiales|f__Peptostreptococcaceae|g__Peptostreptococcus|s__Peptostreptococcus_anaerobius	0.9550052073295426	0.0005	2.7994	0.9785405584537576
k__Bacteria|p__Bacteroidetes|c__Bacteroidia|o__Bacteroidales|f__Bacteroidaceae|g__Bacteroides|s__Bacteroides_stercorirosoris	0.9642959709172017	0.0003	1.2787	0.9785405584537576
k__Bacteria|p__Firmicutes|c__Clostridia|o__Clostridiales|f__Ruminococcaceae|g__Gemmiger	0.9392927467019605	-0.0034	-0.2182	0.9785405584537576
k__Bacteria|p__Firmicutes|c__Clostridia|o__Clostridiales|f__Lachnospiraceae|g__Lachnospiraceae_unclassified|s__Lachnospiraceae_bacterium_2_1_46FAA	0.9518513878060588	0.0005	0.2321	0.9785405584537576
k__Bacteria|p__Firmicutes|c__Clostridia|o__Clostridiales|f__Ruminococcaceae|g__Ruminococcus|s__Ruminococcus_sp_CAG_488	0.9623674184269461	0.0003	4.3831	0.9785405584537576
k__Bacteria|p__Actinobacteria|c__Coriobacteriia|o__Coriobacteriales|f__Atopobiaceae|g__Atopobium|s__Atopobium_deltae	0.9404245058962829	0.0008	1.7574	0.9785405584537576
k__Bacteria|p__Proteobacteria|c__Betaproteobacteria|o__Burkholderiales|f__Alcaligenaceae	0.971397755144247	0.0002	12.6282	0.9785405584537576
k__Bacteria|p__Firmicutes|c__Negativicutes|o__Selenomonadales|f__Selenomonadaceae|g__Megamonas|s__Megamonas_funiformis_CAG_377	0.9524070846017392	-0.0008	-1.4001	0.9785405584537576
k__Bacteria|p__Firmicutes|c__Negativicutes|o__Selenomonadales|f__Selenomonadaceae|g__Mitsuokella	0.971397755144247	0.0002	0.6611	0.9785405584537576
k__Bacteria|p__Firmicutes|c__Negativicutes|o__Selenomonadales|f__Selenomonadaceae|g__Mitsuokella|s__Mitsuokella_multacida	0.971397755144247	0.0002	4.3377	0.9785405584537576
k__Bacteria|p__Firmicutes|c__Negativicutes|o__Veillonellales|f__Veillonellaceae|g__Megasphaera|s__Megasphaera_micronuciformis	0.9642959709172017	0.0003	5.1856	0.9785405584537576
k__Bacteria|p__Fusobacteria|c__Fusobacteriia|o__Fusobacteriales|f__Fusobacteriaceae|g__Fusobacterium|s__Fusobacterium_mortiferum	0.9565831269759615	0.0004	-0.0208	0.9785405584537576
k__Bacteria|p__Firmicutes|c__Firmicutes_unclassified|o__Firmicutes_unclassified|f__Firmicutes_unclassified|g__Firmicutes_unclassified|s__Firmicutes_bacterium_CAG_170	0.943667791086732	-0.0009	1.6732	0.9785405584537576
k__Bacteria|p__Firmicutes|c__Bacilli|o__Lactobacillales|f__Streptococcaceae|g__Streptococcus|s__Streptococcus_viridans	0.9686750709355629	0.0002	-0.8479	0.9785405584537576
k__Bacteria|p__Proteobacteria|c__Gammaproteobacteria|o__Enterobacterales|f__Enterobacteriaceae|g__Citrobacter|s__Citrobacter_portucalensis	0.9686750709355629	0.0002	-1.3024	0.9785405584537576
k__Bacteria|p__Firmicutes|c__Clostridia|o__Clostridiales|f__Clostridiales_unclassified|g__Clostridiales_unclassified|s__Bacteroides_pectinophilus	0.971397755144247	0.0002	-0.0624	0.9785405584537576
k__Bacteria|p__Bacteroidetes|c__Bacteroidia|o__Bacteroidales|f__Tannerellaceae|g__Parabacteroides|s__Parabacteroides_sp_426_9	0.971397755144247	0.0002	-0.8863	0.9785405584537576
k__Bacteria|p__Firmicutes|c__Clostridia|o__Clostridiales|f__Clostridiales_Family_XIII_Incertae_Sedis|g__Mogibacterium|s__Mogibacterium_timidum	0.971397755144247	0.0002	0.1959	0.9785405584537576
k__Bacteria|p__Bacteroidetes|c__Bacteroidia|o__Bacteroidales|f__Rikenellaceae|g__Alistipes|s__Alistipes_sp_An31A	0.974120772733551	0.0002	2.2151	0.9785405584537576
k__Bacteria|p__Firmicutes|c__Clostridia|o__Clostridiales|f__Eubacteriaceae|g__Eubacteriaceae_unclassified	0.9421670479140926	0.0009	0.2565	0.9785405584537576
k__Bacteria|p__Firmicutes|c__Clostridia|o__Clostridiales|f__Eubacteriaceae|g__Eubacteriaceae_unclassified|s__Eubacteriaceae_bacterium_CHKCI005	0.9421670479140926	0.0009	0.2565	0.9785405584537576
k__Bacteria|p__Proteobacteria|c__Gammaproteobacteria|o__Enterobacterales|f__Enterobacteriaceae|g__Enterobacter|s__Enterobacter_cloacae_complex	0.9561838151060896	-0.0008	0.3084	0.9785405584537576
k__Bacteria|p__Proteobacteria|c__Gammaproteobacteria|o__Pasteurellales|f__Pasteurellaceae|g__Aggregatibacter	0.974120772733551	0.0002	3.2371	0.9785405584537576
k__Bacteria|p__Proteobacteria|c__Gammaproteobacteria|o__Pasteurellales|f__Pasteurellaceae|g__Aggregatibacter|s__Aggregatibacter_segnis	0.974120772733551	0.0002	3.2371	0.9785405584537576
k__Bacteria|p__Proteobacteria|c__Gammaproteobacteria|o__Enterobacterales|f__Enterobacteriaceae|g__Raoultella|s__Raoultella_planticola	0.9508011209508098	0.0005	-2.5119	0.9785405584537576
k__Bacteria|p__Bacteroidetes|c__Bacteroidia|o__Bacteroidales|f__Prevotellaceae|g__Prevotella|s__Prevotella_sp_CAG_5226	0.9686750709355629	0.0002	-1.1442	0.9785405584537576
k__Bacteria|p__Firmicutes|c__Clostridia|o__Clostridiales|f__Lachnospiraceae|g__Anaerostipes|s__Anaerostipes_sp_494a	0.9686750709355629	0.0002	-3.0972	0.9785405584537576
k__Bacteria|p__Actinobacteria|c__Actinobacteria|o__Bifidobacteriales|f__Bifidobacteriaceae|g__Scardovia|s__Scardovia_inopinata	0.971397755144247	0.0002	0.0108	0.9785405584537576
k__Bacteria|p__Bacteroidetes|c__Bacteroidia|o__Bacteroidales|f__Tannerellaceae|g__Parabacteroides|s__Parabacteroides_sp_CAG_409	0.9421776588689245	0.001	2.2202	0.9785405584537576
k__Bacteria|p__Firmicutes|c__Clostridia|o__Clostridiales|f__Eubacteriaceae|g__Eubacterium|s__Eubacterium_sp_An11	0.9486983222101336	0.0006	-0.0197	0.9785405584537576
k__Bacteria|p__Firmicutes|c__Clostridia|o__Clostridiales|f__Eubacteriaceae|g__Eubacterium|s__Eubacterium_dolichum_CAG_375	0.9752129236142856	0.0009	0.2012	0.9787495071994687
k__Bacteria|p__Firmicutes|c__Clostridia|o__Clostridiales|f__Lachnospiraceae|g__Coprococcus|s__Coprococcus_catus	0.9853776483113065	-0.0007	0.0653	0.9880553049643264
k__Bacteria|p__Proteobacteria|c__Betaproteobacteria|o__Burkholderiales|f__Sutterellaceae	0.9882442679281079	-0.0007	-0.1531	0.9900329453361226
k__Bacteria|p__Firmicutes|c__Clostridia|o__Clostridiales|f__Lachnospiraceae|g__Coprococcus	0.9900996405057548	0.0006	-0.161	0.9909948481373152
k__Bacteria|p__Firmicutes|c__Clostridia|o__Clostridiales|f__Lachnospiraceae|g__Dorea|s__Dorea_formicigenerans	0.9982564478744252	-0.0001	-0.0121	0.9982564478744252
